time,Rfoot,Lfoot,Rshank,Lshank,Rthigh,Lthigh,trunk,hipx, 
0.0083,48.0887,2.3621,73.4229,89.2133,110.1541,118.1538,71.5037,-1.3238,
0.0167,48.0885,2.3703,73.6450,89.1986,110.0272,118.1570,71.4986,-1.3238,
0.0250,48.0884,2.3737,73.8573,89.1854,109.9060,118.1592,71.4950,-1.3238,
0.0333,48.0882,2.3687,74.0402,89.1744,109.8017,118.1600,71.4939,-1.3238,
0.0417,48.0881,2.3553,74.1790,89.1652,109.7231,118.1597,71.4954,-1.3238,
0.0500,48.0880,2.3370,74.2684,89.1574,109.6735,118.1593,71.4986,-1.3238,
0.0583,48.0879,2.3191,74.3126,89.1503,109.6505,118.1594,71.5029,-1.3238,
0.0667,48.0879,2.3065,74.3213,89.1435,109.6486,118.1607,71.5073,-1.3238,
0.0750,48.0878,2.3031,74.3067,89.1364,109.6606,118.1639,71.5116,-1.3238,
0.0833,48.0878,2.3126,74.2813,89.1288,109.6796,118.1690,71.5155,-1.3238,
0.0917,48.0878,2.3373,74.2550,89.1204,109.6997,118.1762,71.5193,-1.3238,
0.1000,48.0878,2.3765,74.2333,89.1109,109.7177,118.1853,71.5236,-1.3239,
0.1083,48.0878,2.4239,74.2167,89.1002,109.7331,118.1962,71.5293,-1.3239,
0.1167,48.0878,2.4701,74.2048,89.0883,109.7459,118.2085,71.5375,-1.3239,
0.1250,48.0878,2.5070,74.1971,89.0752,109.7562,118.2220,71.5498,-1.3240,
0.1333,48.0878,2.5320,74.1906,89.0609,109.7656,118.2362,71.5672,-1.3240,
0.1417,48.0879,2.5459,74.1797,89.0458,109.7767,118.2509,71.5906,-1.3240,
0.1500,48.0879,2.5511,74.1594,89.0299,109.7922,118.2660,71.6194,-1.3241,
0.1583,48.0880,2.5497,74.1279,89.0135,109.8130,118.2811,71.6516,-1.3241,
0.1667,48.0880,2.5440,74.0858,88.9962,109.8392,118.2963,71.6838,-1.3241,
0.1750,48.0880,2.5365,74.0348,88.9771,109.8701,118.3120,71.7126,-1.3242,
0.1833,48.0879,2.5301,73.9790,88.9547,109.9042,118.3285,71.7366,-1.3242,
0.1917,48.0877,2.5282,73.9242,88.9265,109.9386,118.3467,71.7565,-1.3242,
0.2000,48.0874,2.5341,73.8759,88.8897,109.9704,118.3671,71.7747,-1.3242,
0.2083,48.0871,2.5502,73.8386,88.8404,109.9967,118.3907,71.7932,-1.3242,
0.2167,48.0867,2.5776,73.8163,88.7746,110.0137,118.4188,71.8129,-1.3241,
0.2250,48.0863,2.6156,73.8120,88.6875,110.0177,118.4528,71.8333,-1.3241,
0.2333,48.0860,2.6627,73.8271,88.5743,110.0052,118.4948,71.8541,-1.3240,
0.2417,48.0859,2.7169,73.8624,88.4299,109.9733,118.5471,71.8753,-1.3239,
0.2500,48.0860,2.7762,73.9178,88.2495,109.9192,118.6124,71.8966,-1.3238,
0.2583,48.0866,2.8406,73.9932,88.0288,109.8412,118.6934,71.9174,-1.3237,
0.2667,48.0876,2.9134,74.0876,87.7648,109.7382,118.7920,71.9372,-1.3235,
0.2750,48.0891,3.0016,74.1999,87.4567,109.6102,118.9094,71.9549,-1.3233,
0.2833,48.0909,3.1129,74.3293,87.1061,109.4578,119.0456,71.9695,-1.3230,
0.2917,48.0928,3.2505,74.4755,86.7167,109.2827,119.1999,71.9796,-1.3228,
0.3000,48.0943,3.4116,74.6386,86.2945,109.0873,119.3696,71.9845,-1.3225,
0.3083,48.0953,3.5887,74.8178,85.8476,108.8747,119.5508,71.9840,-1.3221,
0.3167,48.0958,3.7724,75.0101,85.3865,108.6484,119.7379,71.9785,-1.3217,
0.3250,48.0961,3.9547,75.2103,84.9227,108.4127,119.9241,71.9682,-1.3213,
0.3333,48.0965,4.1302,75.4114,84.4683,108.1719,120.1021,71.9527,-1.3209,
0.3417,48.0974,4.2959,75.6052,84.0348,107.9303,120.2647,71.9312,-1.3204,
0.3500,48.0986,4.4504,75.7839,83.6305,107.6925,120.4063,71.9020,-1.3199,
0.3583,48.1001,4.5929,75.9411,83.2594,107.4633,120.5243,71.8631,-1.3193,
0.3667,48.1018,4.7238,76.0725,82.9201,89.0865,99.6390,92.5221,-1.1765,
0.3750,48.1033,4.8445,76.1749,82.6098,88.8319,99.7429,92.4559,-1.1758,
0.3833,48.1046,4.9572,76.2463,82.3274,88.6333,99.7942,92.3750,-1.1750,
0.3917,48.1056,5.0644,76.2846,82.0753,88.4808,99.8054,92.2816,-1.1742,
0.4000,48.1060,5.1674,76.2880,81.8575,88.3685,99.7842,92.1809,-1.1733,
0.4083,48.1059,5.2662,76.2548,81.6771,88.2939,99.7349,92.0817,-1.1723,
0.4167,48.1052,5.3597,76.1832,81.5362,88.2565,99.6602,91.9928,-1.1713,
0.4250,48.1042,5.4466,76.0701,81.4346,88.2569,99.5624,91.9196,-1.1703,
0.4333,48.1029,5.5252,75.9106,81.3710,88.2975,99.4432,91.8614,-1.1691,
0.4417,48.1014,5.5945,75.6970,81.3431,88.3819,99.3042,91.8118,-1.1680,
0.4500,48.0999,5.6549,75.4203,81.3478,88.5160,99.1470,91.7627,-1.1668,
0.4583,48.0984,5.7089,75.0702,81.3814,88.7076,98.9735,91.7057,-1.1656,
0.4667,48.0968,5.7604,74.6347,81.4397,88.9675,98.7859,91.6328,-1.1643,
0.4750,48.0951,5.8143,74.0991,81.5178,89.3090,98.5871,91.5379,-1.1631,
0.4833,48.0934,5.8741,73.4483,81.6103,89.7455,98.3797,91.4172,-1.1619,
0.4917,48.0921,5.9418,72.6723,81.7101,90.2855,98.1662,91.2693,-1.1607,
0.5000,48.0914,6.0168,71.7705,81.8087,90.9309,97.9496,91.0942,-1.1596,
0.5083,48.0916,6.0949,70.7500,81.8977,91.6780,97.7343,90.8919,-1.1585,
0.5167,48.0928,6.1681,69.6227,81.9691,92.5185,97.5248,90.6622,-1.1575,
0.5250,48.0951,6.2268,68.4020,82.0178,93.4413,97.3252,90.4052,-1.1566,
0.5333,48.0987,6.2648,67.1013,82.0421,94.4338,97.1377,90.1210,-1.1556,
0.5417,48.1034,6.2853,65.7337,82.0435,95.4837,96.9622,89.8104,-1.1547,
0.5500,-8.3610,6.3034,63.5224,82.0257,96.5789,96.7970,89.4746,-1.1538,
0.5583,-9.9493,6.3364,62.0310,81.9928,97.7071,96.6398,89.1161,-1.1529,
0.5667,-11.3935,6.3908,60.5396,81.9480,98.8548,96.4877,88.7395,-1.1520,
0.5750,-12.6583,6.4613,59.0759,81.8924,100.0084,96.3387,88.3506,-1.1510,
0.5833,-13.7080,6.5385,57.6766,81.8262,101.1542,96.1914,87.9560,-1.1500,
0.5917,-14.5097,6.6134,56.3745,81.7495,102.2787,96.0444,87.5617,-1.1489,
0.6000,-15.0246,6.6798,55.1781,81.6637,103.3692,95.8958,87.1722,-1.1477,
0.6083,-15.2078,6.7333,54.0623,81.5709,104.4135,95.7434,86.7911,-1.1465,
0.6167,-15.0278,6.7696,52.9787,81.4741,105.4019,95.5852,86.4207,-1.1451,
0.6250,-14.4910,6.7843,51.8783,81.3757,106.3278,95.4202,86.0630,-1.1437,
0.6333,-13.6575,6.7724,50.7368,81.2769,107.1881,95.2490,85.7184,-1.1421,
0.6417,-12.6274,6.7298,49.5688,81.1780,107.9835,95.0731,85.3866,-1.1405,
0.6500,-11.5013,6.6554,48.4182,81.0782,108.7175,94.8940,85.0668,-1.1388,
0.6583,-10.3519,6.5505,47.3373,80.9759,109.3954,94.7130,84.7586,-1.1369,
0.6667,-9.2173,6.4194,46.3695,80.8696,110.0229,94.5309,84.4623,-1.1350,
0.6750,-8.0992,6.2687,45.5438,80.7593,110.6045,94.3473,84.1788,-1.1329,
0.6833,-6.9768,6.1087,44.8761,80.6458,111.1431,94.1612,83.9077,-1.1308,
0.6917,-5.8374,5.9517,44.3710,80.5298,111.6406,93.9711,83.6466,-1.1285,
0.7000,-4.6934,5.8094,44.0254,80.4109,112.0984,93.7762,83.3919,-1.1262,
0.7083,-3.5747,5.6861,43.8320,80.2885,112.5176,93.5755,83.1399,-1.1237,
0.7167,-2.5158,5.5736,43.7827,80.1613,112.8989,93.3679,82.8880,-1.1211,
0.7250,-1.5471,5.4552,43.8689,80.0284,113.2427,93.1519,82.6357,-1.1184,
0.7333,-0.6896,5.3181,44.0813,79.8903,113.5487,92.9253,82.3848,-1.1155,
0.7417,0.0491,5.1589,44.4099,79.7482,113.8161,92.6852,82.1400,-1.1125,
0.7500,0.6751,4.9801,44.8448,79.6041,114.0438,92.4278,81.9086,-1.1093,
0.7583,1.1989,4.7852,45.3758,79.4599,114.2307,92.1496,81.7003,-1.1060,
0.7667,1.6261,4.5766,45.9923,79.3166,114.3758,91.8487,81.5237,-1.1025,
0.7750,1.9565,4.3557,46.6831,79.1749,114.4781,91.5265,81.3828,-1.0988,
0.7833,2.1937,4.1233,47.4372,79.0344,114.5368,91.1875,81.2760,-1.0949,
0.7917,2.3530,3.8795,48.2451,78.8926,114.5506,90.8382,81.1980,-1.0909,
0.8000,2.4665,3.6239,49.1016,78.7447,114.5170,90.4853,81.1441,-1.0868,
0.8083,2.5791,3.3558,50.0110,78.5832,114.4316,90.1350,81.1129,-1.0825,
0.8167,2.7332,3.0736,50.9873,78.3986,114.2894,89.7940,81.1051,-1.0782,
0.8250,2.9445,2.7759,52.0487,78.1792,114.0873,89.4699,81.1209,-1.0737,
0.8333,3.1867,2.4600,53.2101,77.9134,113.8259,89.1711,81.1581,-1.0691,
0.8417,3.4015,2.1219,54.4797,77.5897,113.5095,88.9062,81.2118,-1.0644,
0.8500,3.5273,1.7552,55.8557,77.2004,113.1453,88.6815,81.2755,-1.0597,
0.8583,3.5213,1.3495,57.3253,76.7427,112.7418,88.5011,81.3424,-1.0549,
0.8667,3.3637,0.8901,58.8664,76.2189,112.3069,88.3662,81.4066,-1.0500,
0.8750,3.0551,0.3574,60.4529,75.6338,111.8466,88.2774,81.4638,-1.0451,
0.8833,2.6123,-0.2716,62.0597,74.9924,111.3642,88.2358,81.5099,-1.0401,
0.8917,2.0622,-1.0205,63.6656,74.2977,110.8615,88.2446,81.5407,-1.0351,
0.9000,1.4333,-1.9127,65.2518,73.5489,110.3406,88.3100,81.5517,-1.0301,
0.9083,0.7467,-2.9705,66.7991,72.7415,109.8058,88.4420,81.5382,-1.0251,
0.9167,0.0115,-4.2171,68.2848,71.8675,109.2646,88.6539,81.4969,-1.0200,
0.9250,-0.7740,-5.6770,69.6838,70.9177,108.7258,88.9613,81.4278,-1.0150,
0.9333,-1.6147,-7.3784,70.9722,69.8846,108.1979,89.3794,81.3352,-1.0100,
0.9417,-2.5082,-9.3534,72.1313,68.7652,107.6852,89.9216,81.2273,-1.0051,
0.9500,-3.4365,-11.6328,73.1498,67.5621,107.1871,90.5979,81.1113,-1.0002,
0.9583,-4.3602,-14.2412,74.0224,66.2832,106.6983,91.4129,80.9912,-0.9954,
0.9667,-5.2166,-17.1911,74.7472,64.9393,106.2116,92.3644,80.8686,-0.9906,
0.9750,-5.9230,-20.4748,75.3238,63.5431,105.7210,93.4421,80.7437,-0.9859,
0.9833,-6.3892,-24.0520,75.7539,62.1084,105.2243,94.6282,80.6166,-0.9812,
0.9917,-6.5390,-27.8403,76.0444,60.6516,104.7242,95.9000,80.4871,-0.9767,
1.0000,-6.3325,-31.7085,76.2092,59.1960,104.2270,97.2328,80.3546,-0.9722,
1.0083,-5.7752,-35.4763,76.2688,57.7743,103.7400,98.6013,80.2179,-0.9677,
1.0167,-4.9125,-38.9270,76.2480,56.4282,103.2683,99.9815,80.0762,-0.9633,
1.0250,-3.8157,-41.8364,76.1728,55.2027,102.8127,101.3520,79.9288,-0.9590,
1.0333,-2.5679,-44.0097,76.0659,54.1397,102.3711,102.6959,79.7757,-0.9546,
1.0417,-1.2547,-45.3253,75.9420,53.2721,101.9411,104.0021,79.6175,-0.9503,
1.0500,0.0419,-45.7701,75.8082,52.6200,101.5213,105.2646,79.4558,-0.9460,
1.0583,1.2475,-45.4387,75.6664,52.1919,101.1110,106.4818,79.2923,-0.9416,
1.0667,2.2991,-44.4900,75.5176,51.9927,100.7085,107.6540,79.1290,-0.9372,
1.0750,3.1497,-43.0892,75.3670,52.0311,100.3087,108.7807,78.9671,-0.9328,
1.0833,3.7748,-41.3719,75.2243,52.3229,99.9031,109.8599,78.8067,-0.9283,
1.0917,4.1785,-39.4354,75.0964,52.8868,99.4834,110.8877,78.6480,-0.9238,
1.1000,4.3934,-37.3481,74.9830,53.7367,99.0447,111.8585,78.4904,-0.9192,
1.1083,4.4700,-35.1604,74.8772,54.8757,98.5872,112.7659,78.3339,-0.9145,
1.1167,4.4610,-32.9058,74.7683,56.2952,98.1149,113.6028,78.1792,-0.9098,
1.1250,4.4096,-30.5963,74.6457,57.9740,97.6343,114.3635,78.0279,-0.9049,
1.1333,4.3448,-28.2224,74.5029,59.8790,97.1504,115.0455,77.8818,-0.9000,
1.1417,4.2816,-25.7605,74.3392,61.9723,96.6646,115.6481,77.7428,-0.8950,
1.1500,4.2250,-23.1911,74.1580,64.2215,96.1760,116.1719,77.6122,-0.8898,
1.1583,4.1729,-20.5154,73.9636,66.6011,95.6824,116.6190,77.4907,-0.8846,
1.1667,4.1194,-17.7552,73.7600,69.0902,95.1811,116.9929,77.3790,-0.8792,
1.1750,4.0568,-14.9421,73.5517,71.6683,94.6692,117.2976,77.2780,-0.8737,
1.1833,3.9776,-12.1092,73.3432,74.3140,94.1436,117.5380,77.1894,-0.8680,
1.1917,3.8758,-9.2844,73.1388,77.0038,93.6014,117.7194,77.1153,-0.8622,
1.2000,3.7473,-6.4880,72.9418,79.7122,93.0407,117.8480,77.0575,-0.8562,
1.2083,3.5907,-3.7334,72.7536,82.4126,92.4601,117.9303,77.0182,-0.8501,
1.2167,3.4075,-1.0334,72.5737,85.0802,91.8591,117.9723,76.9992,-0.8437,
1.2250,3.2037,1.5926,72.3989,87.6966,91.2373,117.9754,77.0031,-0.8372,
1.2333,2.9888,4.1133,72.2241,90.2517,90.5945,117.9355,77.0327,-0.8306,
1.2417,2.7716,6.4876,72.0439,92.7396,89.9316,117.8451,77.0909,-0.8237,
1.2500,2.5554,8.6745,71.8548,95.1522,89.2500,117.6980,77.1788,-0.8167,
1.2583,2.3373,10.6464,71.6552,97.4767,88.5525,117.4922,77.2950,-0.8095,
1.2667,2.1096,12.3954,71.4437,99.6935,87.8424,117.2313,77.4365,-0.8021,
1.2750,1.8624,13.9262,71.2183,101.7758,87.1243,116.9230,77.6001,-0.7946,
1.2833,1.5853,15.2429,70.9754,103.6905,86.4033,116.5780,77.7829,-0.7869,
1.2917,1.2697,16.3413,70.7092,105.4000,85.6860,116.2093,77.9828,-0.7791,
1.3000,0.9093,17.2071,70.4117,106.8677,84.9797,115.8300,78.1985,-0.7711,
1.3083,0.4981,17.8196,70.0737,108.0642,84.2927,115.4512,78.4287,-0.7630,
1.3167,0.0293,18.1558,69.6855,108.9732,83.6338,115.0801,78.6721,-0.7548,
1.3250,-0.5065,18.1935,69.2373,109.5936,83.0118,114.7210,78.9269,-0.7465,
1.3333,-1.1208,17.9143,68.7197,109.9363,82.4355,114.3792,79.1900,-0.7381,
1.3417,-1.8262,17.3100,68.1235,110.0199,81.9135,114.0642,79.4570,-0.7296,
1.3500,-2.6348,16.3933,67.4397,109.8661,81.4542,113.7908,79.7221,-0.7212,
1.3583,-3.5582,15.2102,66.6610,109.4961,81.0647,113.5751,79.9801,-0.7128,
1.3667,-4.6063,13.8446,65.7824,108.9299,80.7500,113.4300,80.2275,-0.7044,
1.3750,-5.7863,12.4047,64.8017,108.1885,80.5121,113.3607,80.4634,-0.6961,
1.3833,-7.1016,10.9961,63.7195,107.2953,80.3487,113.3613,80.6903,-0.6878,
1.3917,-8.5542,9.6977,62.5402,106.2783,80.2535,113.4149,80.9137,-0.6795,
1.4000,-10.1475,8.5479,61.2718,105.1719,80.2183,113.4968,81.1410,-0.6712,
1.4083,-11.8891,7.5480,59.9246,104.0122,80.2361,113.5806,81.3795,-0.6627,
1.4167,-13.7926,6.6799,58.5071,102.8286,80.3041,113.6453,81.6351,-0.6540,
1.4250,-15.8771,5.9262,57.0242,101.6412,80.4268,113.6762,81.9107,-0.6452,
1.4333,-18.1657,5.2804,55.4759,100.4661,80.6156,113.6611,82.2057,-0.6363,
1.4417,-20.6821,4.7435,53.8597,99.3216,80.8874,113.5867,82.5153,-0.6272,
1.4500,-23.4483,4.3190,52.1715,98.2280,81.2621,113.4411,82.8314,-0.6181,
1.4583,-26.4825,4.0112,50.4068,97.2026,81.7593,113.2185,83.1429,-0.6091,
1.4667,-29.7946,3.8270,48.5617,96.2567,82.3965,112.9214,83.4376,-0.6001,
1.4750,-33.3787,3.7695,46.6356,95.3951,83.1864,112.5592,83.7027,-0.5913,
1.4833,-37.2006,3.8225,44.6359,94.6143,84.1335,112.1454,83.9267,-0.5827,
1.4917,-41.1847,3.9442,42.5817,93.9037,85.2311,111.6951,84.1003,-0.5744,
1.5000,-45.2073,4.0851,40.5045,93.2502,86.4609,111.2225,84.2170,-0.5664,
1.5083,-49.1012,4.2090,38.4449,92.6438,87.7992,110.7389,84.2750,-0.5587,
1.5167,-52.6761,4.2977,36.4518,92.0776,89.2198,110.2520,84.2768,-0.5514,
1.5250,-55.7525,4.3452,34.5793,91.5470,90.6946,109.7642,84.2311,-0.5443,
1.5333,-58.1976,4.3519,32.8827,91.0491,92.1968,109.2721,84.1513,-0.5374,
1.5417,-59.9509,4.3231,31.4135,90.5825,93.7054,108.7678,84.0533,-0.5306,
1.5500,-61.0316,4.2673,30.2123,90.1464,95.2077,108.2441,83.9499,-0.5239,
1.5583,-61.5217,4.1957,29.3038,89.7390,96.6998,107.6977,83.8487,-0.5172,
1.5667,-61.5305,4.1201,28.6964,89.3571,98.1831,107.1294,83.7533,-0.5105,
1.5750,-61.1543,4.0505,28.3854,88.9960,99.6608,106.5423,83.6657,-0.5037,
1.5833,-60.4529,3.9928,28.3573,88.6499,101.1342,105.9409,83.5868,-0.4970,
1.5917,-59.4526,3.9477,28.5948,88.3129,102.6007,105.3305,83.5172,-0.4904,
1.6000,-58.1633,3.9115,29.0817,87.9797,104.0533,104.7169,83.4569,-0.4837,
1.6083,-56.5961,3.8774,29.8054,87.6457,105.4825,104.1062,83.4054,-0.4771,
1.6167,-54.7799,3.8380,30.7543,87.3067,106.8780,103.5041,83.3617,-0.4705,
1.6250,-52.7628,3.7873,31.9147,86.9587,108.2310,102.9154,83.3244,-0.4640,
1.6333,-50.5902,3.7215,33.2745,86.5979,109.5338,102.3439,83.2923,-0.4575,
1.6417,-48.2850,3.6382,34.8267,86.2206,110.7797,101.7919,83.2648,-0.4510,
1.6500,-45.8545,3.5369,36.5693,85.8244,111.9631,101.2598,83.2419,-0.4445,
1.6583,-43.3073,3.4194,38.5007,85.4080,113.0805,100.7468,83.2237,-0.4381,
1.6667,-40.6594,3.2894,40.6149,84.9712,114.1310,100.2512,83.2098,-0.4316,
1.6750,-37.9345,3.1524,42.8994,84.5133,115.1154,99.7715,83.1995,-0.4251,
1.6833,-35.1595,3.0141,45.3352,84.0322,116.0349,99.3074,83.1918,-0.4185,
1.6917,-32.3541,2.8803,47.8974,83.5248,116.8901,98.8593,83.1862,-0.4119,
1.7000,-29.5232,2.7540,50.5564,82.9878,117.6812,98.4285,83.1824,-0.4053,
1.7083,-26.6652,2.6348,53.2821,82.4195,118.4087,98.0156,83.1804,-0.3987,
1.7167,-23.7860,2.5179,56.0484,81.8201,119.0752,97.6207,83.1802,-0.3920,
1.7250,-20.9034,2.3971,58.8337,81.1922,119.6859,97.2421,83.1819,-0.3853,
1.7333,-18.0430,2.2666,61.6161,80.5403,120.2476,96.8762,83.1857,-0.3785,
1.7417,-15.2369,2.1235,64.3726,79.8704,120.7682,96.5181,83.1922,-0.3717,
1.7500,-12.5271,1.9678,67.0841,79.1891,121.2547,96.1625,83.2011,-0.3648,
1.7583,-9.9650,1.8011,69.7437,78.5023,121.7110,95.8046,83.2117,-0.3579,
1.7667,-7.5973,1.6250,72.3561,77.8148,122.1367,95.4410,83.2226,-0.3509,
1.7750,-5.4355,1.4408,74.9269,77.1295,122.5276,95.0695,83.2320,-0.3439,
1.7833,-3.4423,1.2503,77.4549,76.4471,122.8784,94.6899,83.2377,-0.3369,
1.7917,-1.5528,1.0541,79.9366,75.7658,123.1855,94.3037,83.2377,-0.3298,
1.8000,0.2964,0.8513,82.3706,75.0817,123.4476,93.9144,83.2303,-0.3227,
1.8083,2.1568,0.6394,84.7569,74.3907,123.6647,93.5258,83.2145,-0.3155,
1.8167,4.0680,0.4141,87.0944,73.6909,123.8381,93.1401,83.1898,-0.3084,
1.8250,6.0594,0.1707,89.3808,72.9852,123.9699,92.7571,83.1560,-0.3011,
1.8333,8.1507,-0.0961,91.6120,72.2816,124.0630,92.3724,83.1132,-0.2939,
1.8417,10.3483,-0.3917,93.7821,71.5927,124.1210,91.9780,83.0617,-0.2865,
1.8500,12.6424,-0.7208,95.8845,70.9336,124.1477,91.5635,83.0025,-0.2791,
1.8583,15.0070,-1.0860,97.9129,70.3191,124.1461,91.1185,82.9362,-0.2716,
1.8667,17.4031,-1.4864,99.8634,69.7593,124.1180,90.6360,82.8628,-0.2640,
1.8750,19.7820,-1.9181,101.7361,69.2567,124.0631,90.1142,82.7817,-0.2562,
1.8833,22.0876,-2.3764,103.5348,68.8063,123.9798,89.5565,82.6923,-0.2484,
1.8917,24.2619,-2.8603,105.2614,68.3988,123.8669,88.9687,82.5945,-0.2405,
1.9000,26.2533,-3.3735,106.9068,68.0276,123.7252,88.3547,82.4886,-0.2324,
1.9083,28.0240,-3.9243,108.4497,67.6898,123.5580,87.7159,82.3758,-0.2243,
1.9167,29.5515,-4.5237,109.8625,67.3840,123.3695,87.0520,82.2579,-0.2160,
1.9250,30.8270,-5.1840,111.1167,67.1088,123.1643,86.3630,82.1375,-0.2076,
1.9333,31.8540,-5.9179,112.1849,66.8618,122.9465,85.6499,82.0175,-0.1990,
1.9417,32.6462,-6.7390,113.0422,66.6391,122.7194,84.9158,81.9011,-0.1902,
1.9500,33.2218,-7.6603,113.6681,66.4351,122.4845,84.1659,81.7914,-0.1813,
1.9583,33.5934,-8.6931,114.0491,66.2413,122.2418,83.4078,81.6917,-0.1721,
1.9667,33.7592,-9.8454,114.1796,66.0465,121.9889,82.6514,81.6051,-0.1627,
1.9750,33.7002,-11.1200,114.0625,65.8363,121.7212,81.9079,81.5351,-0.1531,
1.9833,33.3837,-12.5140,113.7100,65.5938,121.4332,81.1903,81.4845,-0.1433,
1.9917,32.7703,-14.0199,113.1455,65.3010,121.1189,80.5118,81.4556,-0.1333,
2.0000,31.8271,-15.6272,112.4052,64.9415,120.7742,79.8850,81.4495,-0.1231,
2.0083,30.5449,-17.3246,111.5379,64.5038,120.3979,79.3200,81.4662,-0.1126,
2.0167,28.9523,-19.1006,110.5994,63.9850,119.9931,78.8215,81.5041,-0.1020,
2.0250,27.1129,-20.9465,109.6416,63.3943,119.5676,78.3870,81.5601,-0.0912,
2.0333,25.1104,-22.8603,108.7006,62.7503,119.1332,78.0088,81.6309,-0.0803,
2.0417,23.0330,-24.8465,107.7859,62.0712,118.7046,77.6807,81.7122,-0.0693,
2.0500,20.9613,-26.9130,106.8808,61.3652,118.2975,77.4048,81.8002,-0.0582,
2.0583,18.9561,-29.0705,105.9559,60.6292,117.9247,77.1919,81.8908,-0.0471,
2.0667,17.0563,-31.3319,104.9871,59.8509,117.5932,77.0577,81.9803,-0.0360,
2.0750,15.2912,-33.7146,103.9612,59.0086,117.3041,77.0221,82.0658,-0.0250,
2.0833,13.6893,-36.2424,102.8731,58.0742,117.0546,77.1075,82.1450,-0.0141,
2.0917,12.2725,-38.9430,101.7223,57.0247,116.8389,77.3323,82.2166,-0.0032,
2.1000,11.0459,-41.8388,100.5151,55.8508,116.6479,77.7050,82.2798,0.0074,
2.1083,9.9971,-44.9341,99.2681,54.5587,116.4676,78.2235,82.3342,0.0179,
2.1167,9.0988,-48.2035,98.0054,53.1683,116.2798,78.8768,82.3788,0.0283,
2.1250,8.3115,-51.5858,96.7539,51.7072,116.0660,79.6490,82.4118,0.0384,
2.1333,7.5879,-54.9821,95.5384,50.1996,115.8120,80.5263,82.4308,0.0483,
2.1417,6.8840,-58.2564,94.3764,48.6609,115.5102,81.5003,82.4328,0.0580,
2.1500,6.1676,-61.2432,93.2766,47.1003,115.1600,82.5671,82.4153,0.0674,
2.1583,5.4229,-63.7690,92.2405,45.5303,114.7665,83.7217,82.3769,0.0766,
2.1667,4.6480,-65.6865,91.2667,43.9754,114.3369,84.9551,82.3180,0.0855,
2.1750,3.8507,-66.9143,90.3528,42.4763,113.8785,86.2540,82.2406,0.0942,
2.1833,3.0456,-67.4617,89.4964,41.0843,113.3970,87.6043,82.1481,0.1027,
2.1917,2.2519,-67.4186,88.6958,39.8515,112.8952,88.9948,82.0443,0.1110,
2.2000,1.4919,-66.9125,87.9510,38.8219,112.3734,90.4174,81.9330,0.1191,
2.2083,0.7896,-66.0598,87.2640,38.0272,111.8308,91.8653,81.8181,0.1271,
2.2167,0.1718,-64.9373,86.6368,37.4840,111.2659,93.3318,81.7030,0.1349,
2.2250,-0.3314,-63.5797,86.0694,37.1956,110.6787,94.8095,81.5906,0.1427,
2.2333,-0.6868,-61.9959,85.5595,37.1565,110.0706,96.2906,81.4828,0.1504,
2.2417,-0.8602,-60.1875,85.1018,37.3578,109.4452,97.7671,81.3800,0.1580,
2.2500,-0.8192,-58.1622,84.6894,37.7911,108.8075,99.2320,81.2816,0.1657,
2.2583,-0.5351,-55.9385,84.3145,38.4512,108.1634,100.6799,81.1855,0.1733,
2.2667,0.0117,-53.5462,83.9695,39.3368,107.5190,102.1071,81.0894,0.1809,
2.2750,0.8232,-51.0223,83.6471,40.4493,106.8797,103.5112,80.9910,0.1885,
2.2833,1.8713,-48.4046,83.3390,41.7895,106.2497,104.8908,80.8883,0.1961,
2.2917,3.0868,-45.7225,83.0348,43.3535,105.6317,106.2430,80.7803,0.2036,
2.3000,4.3567,-42.9906,82.7212,45.1322,105.0269,107.5631,80.6674,0.2112,
2.3083,5.5379,-40.2088,82.3833,47.1143,104.4349,108.8442,80.5512,0.2187,
2.3167,6.4944,-37.3706,82.0087,49.2892,103.8537,110.0786,80.4344,0.2263,
2.3250,7.1463,-34.4705,81.5925,51.6496,103.2800,111.2580,80.3197,0.2338,
2.3333,7.4919,-31.5093,81.1403,54.1901,102.7098,112.3733,80.2101,0.2414,
2.3417,7.5872,-28.4949,80.6647,56.9032,102.1397,113.4158,80.1087,0.2490,
2.3500,7.5065,-25.4386,80.1783,59.7734,101.5678,114.3783,80.0182,0.2567,
2.3583,7.3157,-22.3516,79.6902,62.7747,100.9947,115.2576,79.9414,0.2643,
2.3667,7.0603,-19.2427,79.2054,65.8739,100.4225,116.0554,79.8801,0.2721,
2.3750,6.7640,-16.1168,78.7274,69.0372,99.8540,116.7768,79.8360,0.2799,
2.3833,6.4324,-12.9756,78.2579,72.2366,99.2909,117.4269,79.8096,0.2878,
2.3917,6.0606,-9.8216,77.7974,75.4514,98.7335,118.0093,79.8007,0.2957,
2.4000,5.6434,-6.6603,77.3437,78.6656,98.1800,118.5260,79.8084,0.3038,
2.4083,5.1828,-3.5049,76.8920,81.8642,97.6276,118.9775,79.8309,0.3119,
2.4167,4.6921,-0.3832,76.4343,85.0321,97.0729,119.3638,79.8668,0.3202,
2.4250,4.1959,2.6571,75.9604,88.1532,96.5123,119.6859,79.9149,0.3285,
2.4333,3.7229,5.5551,75.4604,91.2104,95.9426,119.9460,79.9747,0.3370,
2.4417,3.2905,8.2598,74.9318,94.1877,95.3610,120.1490,80.0458,0.3456,
2.4500,2.8976,10.7602,74.3811,97.0735,94.7659,120.3009,80.1278,0.3543,
2.4583,2.5328,13.0974,73.8183,99.8625,94.1564,120.4073,80.2207,0.3631,
2.4667,2.1830,15.3393,73.2517,102.5540,93.5320,120.4696,80.3253,0.3721,
2.4750,1.8369,17.5441,72.6862,105.1486,92.8915,120.4836,80.4427,0.3811,
2.4833,1.4842,19.7381,72.1241,107.6426,92.2337,120.4417,80.5749,0.3904,
2.4917,1.1156,21.9118,71.5658,110.0195,91.5571,120.3397,80.7244,0.3997,
2.5000,0.7219,24.0246,71.0114,112.2450,90.8607,120.1826,80.8935,0.4093,
2.5083,0.2956,26.0158,70.4624,114.2670,90.1433,119.9864,81.0844,0.4189,
2.5167,-0.1688,27.8190,69.9207,116.0251,89.4049,119.7741,81.2985,0.4288,
2.5250,-0.6774,29.3731,69.3831,117.4622,88.6487,119.5679,81.5368,0.4388,
2.5333,-1.2379,30.6289,68.8396,118.5361,87.8825,119.3830,81.7994,0.4489,
2.5417,-1.8594,31.5531,68.2769,119.2258,87.1159,119.2257,82.0862,0.4592,
2.5500,-2.5512,32.1309,67.6846,119.5362,86.3562,119.0930,82.3962,0.4697,
2.5583,-3.3219,32.3652,67.0571,119.4973,85.6076,118.9745,82.7276,0.4804,
2.5667,-4.1785,32.2699,66.3922,119.1586,84.8719,118.8552,83.0775,0.4912,
2.5750,-5.1263,31.8633,65.6888,118.5815,84.1497,118.7190,83.4420,0.5021,
2.5833,-6.1670,31.1616,64.9449,117.8319,83.4421,118.5518,83.8162,0.5132,
2.5917,-7.2985,30.1733,64.1562,116.9754,82.7523,118.3439,84.1945,0.5244,
2.6000,-8.5182,28.8934,63.3140,116.0748,82.0880,118.0918,84.5705,0.5357,
2.6083,-9.8253,27.3102,62.4035,115.1866,81.4628,117.7988,84.9372,0.5471,
2.6167,-11.2216,25.4234,61.4058,114.3538,80.8952,117.4755,85.2875,0.5585,
2.6250,-12.7124,23.2602,60.3044,113.5926,80.4048,117.1396,85.6146,0.5698,
2.6333,-14.3067,20.8750,59.0906,112.8855,80.0078,116.8138,85.9117,0.5812,
2.6417,-16.0163,18.3390,57.7626,112.1870,79.7167,116.5214,86.1732,0.5923,
2.6500,-17.8542,15.7347,56.3235,111.4412,79.5420,116.2817,86.3938,0.6034,
2.6583,-19.8345,13.1538,54.7798,110.5997,79.4931,116.1083,86.5687,0.6142,
2.6667,-21.9751,10.6907,53.1412,109.6317,79.5775,116.0087,86.6929,0.6247,
2.6750,-24.3000,8.4296,51.4192,108.5242,79.8010,115.9849,86.7609,0.6350,
2.6833,-26.8387,6.4340,49.6255,107.2740,80.1677,116.0346,86.7686,0.6449,
2.6917,-29.6199,4.7437,47.7697,105.8818,80.6803,116.1523,86.7144,0.6544,
2.7000,-32.6632,3.3755,45.8558,104.3561,81.3415,116.3277,86.6017,0.6637,
2.7083,-35.9697,2.3220,43.8838,102.7199,82.1526,116.5436,86.4393,0.6727,
2.7167,-39.5120,1.5504,41.8565,101.0136,83.1108,116.7759,86.2402,0.6815,
2.7250,-43.2282,1.0106,39.7826,99.2877,84.2068,116.9968,86.0203,0.6901,
2.7333,-47.0175,0.6468,37.6778,97.5901,85.4252,117.1796,85.7960,0.6986,
2.7417,-50.7397,0.4059,35.5645,95.9566,86.7450,117.3033,85.5836,0.7072,
2.7500,-54.2224,0.2418,33.4720,94.4094,88.1422,117.3539,85.3965,0.7157,
2.7583,-57.2811,0.1203,31.4366,92.9612,89.5924,117.3235,85.2442,0.7243,
2.7667,-59.7502,0.0216,29.5034,91.6185,91.0723,117.2087,85.1295,0.7330,
2.7750,-61.5147,-0.0623,27.7294,90.3824,92.5611,117.0092,85.0477,0.7418,
2.7833,-62.5379,-0.1343,26.1806,89.2480,94.0424,116.7281,84.9907,0.7508,
2.7917,-62.8714,-0.1960,24.9207,88.2063,95.5066,116.3707,84.9531,0.7599,
2.8000,-62.6359,-0.2493,23.9968,87.2462,96.9509,115.9432,84.9345,0.7692,
2.8083,-61.9785,-0.2960,23.4327,86.3562,98.3782,115.4518,84.9369,0.7786,
2.8167,-61.0333,-0.3372,23.2294,85.5246,99.7935,114.9030,84.9617,0.7881,
2.8250,-59.8987,-0.3744,23.3705,84.7401,101.2011,114.3030,85.0082,0.7976,
2.8333,-58.6291,-0.4099,23.8261,83.9939,102.6030,113.6575,85.0736,0.8073,
2.8417,-57.2435,-0.4459,24.5574,83.2801,103.9982,112.9724,85.1529,0.8169,
2.8500,-55.7394,-0.4849,25.5231,82.5962,105.3824,112.2534,85.2390,0.8265,
2.8583,-54.1045,-0.5285,26.6887,81.9418,106.7487,111.5073,85.3235,0.8360,
2.8667,-52.3199,-0.5775,28.0316,81.3186,108.0871,110.7414,85.3974,0.8453,
2.8750,-50.3641,-0.6304,29.5422,80.7294,109.3856,109.9635,85.4525,0.8545,
2.8833,-48.2189,-0.6860,31.2217,80.1757,110.6316,109.1813,85.4822,0.8635,
2.8917,-45.8785,-0.7455,33.0774,79.6569,111.8135,108.4021,85.4830,0.8722,
2.9000,-43.3551,-0.8131,35.1183,79.1702,112.9220,107.6321,85.4543,0.8807,
2.9083,-40.6794,-0.8939,37.3510,78.7119,113.9500,106.8756,85.3984,0.8891,
2.9167,-37.8932,-0.9910,39.7759,78.2779,114.8929,106.1343,85.3194,0.8972,
2.9250,-35.0369,-1.1047,42.3849,77.8643,115.7478,105.4075,85.2219,0.9052,
2.9333,-32.1390,-1.2328,45.1601,77.4675,116.5132,104.6927,85.1102,0.9131,
2.9417,-29.2136,-1.3707,48.0768,77.0841,117.1880,103.9869,84.9882,0.9210,
2.9500,-26.2693,-1.5124,51.1071,76.7120,117.7728,103.2862,84.8587,0.9287,
2.9583,-23.3196,-1.6514,54.2231,76.3508,118.2691,102.5861,84.7239,0.9365,
2.9667,-20.3838,-1.7820,57.3979,76.0010,118.6800,101.8815,84.5852,0.9443,
2.9750,-17.4788,-1.9004,60.6060,75.6629,119.0100,101.1679,84.4439,0.9521,
2.9833,-14.6129,-2.0052,63.8255,75.3363,119.2642,100.4415,84.3009,0.9600,
2.9917,-11.7871,-2.0976,67.0394,75.0204,119.4473,99.7001,84.1577,0.9679,
3.0000,-8.9998,-2.1815,70.2303,74.7134,119.5626,98.9434,84.0161,0.9759,
3.0083,-6.2514,-2.2624,73.3749,74.4122,119.6126,98.1728,83.8784,0.9839,
3.0167,-3.5528,-2.3464,76.4427,74.1141,119.5997,97.3910,83.7476,0.9921,
3.0250,-0.9346,-2.4392,79.4052,73.8168,119.5277,96.6008,83.6265,1.0003,
3.0333,1.5573,-2.5455,82.2452,73.5195,119.4019,95.8049,83.5178,1.0086,
3.0417,3.8932,-2.6688,84.9558,73.2210,119.2300,95.0063,83.4230,1.0170,
3.0500,6.0858,-2.8128,87.5349,72.9184,119.0201,94.2081,83.3428,1.0254,
3.0583,8.1779,-2.9825,89.9822,72.6079,118.7793,93.4136,83.2776,1.0340,
3.0667,10.2108,-3.1842,92.2970,72.2856,118.5132,92.6257,83.2269,1.0427,
3.0750,12.2038,-3.4243,94.4744,71.9494,118.2258,91.8460,83.1902,1.0515,
3.0833,14.1465,-3.7077,96.5037,71.6003,117.9204,91.0743,83.1659,1.0604,
3.0917,15.9981,-4.0396,98.3699,71.2419,117.5981,90.3094,83.1518,1.0694,
3.1000,17.6905,-4.4255,100.0536,70.8792,117.2587,89.5490,83.1454,1.0785,
3.1083,19.1395,-4.8715,101.5307,70.5162,116.9007,88.7917,83.1436,1.0878,
3.1167,20.2571,-5.3826,102.7746,70.1527,116.5226,88.0382,83.1440,1.0971,
3.1250,20.9663,-5.9638,103.7591,69.7815,116.1249,87.2929,83.1451,1.1066,
3.1333,21.2155,-6.6194,104.4620,69.3904,115.7116,86.5631,83.1477,1.1162,
3.1417,20.9872,-7.3533,104.8649,68.9652,115.2912,85.8567,83.1551,1.1259,
3.1500,20.2981,-8.1686,104.9575,68.4925,114.8755,85.1817,83.1726,1.1357,
3.1583,19.1909,-9.0690,104.7428,67.9606,114.4758,84.5462,83.2060,1.1456,
3.1667,17.7329,-10.0611,104.2418,67.3606,114.0995,83.9590,83.2602,1.1557,
3.1750,16.0187,-11.1560,103.4940,66.6875,113.7502,83.4292,83.3382,1.1659,
3.1833,14.1671,-12.3705,102.5512,65.9418,113.4285,82.9649,83.4399,1.1762,
3.1917,12.3029,-13.7275,101.4675,65.1308,113.1337,82.5714,83.5612,1.1867,
3.2000,10.5408,-15.2540,100.2874,64.2646,112.8653,82.2540,83.6944,1.1972,
3.2083,8.9741,-16.9780,99.0392,63.3468,112.6237,82.0215,83.8293,1.2077,
3.2167,7.6604,-18.9246,97.7370,62.3680,112.4086,81.8895,83.9568,1.2184,
3.2250,6.6095,-21.1176,96.3909,61.3083,112.2158,81.8775,84.0722,1.2290,
3.2333,5.7887,-23.5805,95.0187,60.1448,112.0349,82.0051,84.1762,1.2396,
3.2417,5.1478,-26.3394,93.6484,58.8603,111.8487,82.2886,84.2732,1.2502,
3.2500,4.6418,-29.4240,92.3136,57.4505,111.6365,82.7375,84.3660,1.2607,
3.2583,4.2398,-32.8612,91.0444,55.9257,111.3777,83.3541,84.4531,1.2712,
3.2667,3.9226,-36.6585,89.8626,54.3060,111.0559,84.1340,84.5296,1.2815,
3.2750,3.6767,-40.7804,88.7804,52.6170,110.6610,85.0661,84.5896,1.2916,
3.2833,3.4905,-45.1255,87.8015,50.8863,110.1901,86.1348,84.6281,1.3016,
3.2917,3.3544,-49.5183,86.9211,49.1408,109.6480,87.3208,84.6418,1.3114,
3.3000,3.2611,-53.7219,86.1277,47.4095,109.0458,88.6038,84.6283,1.3210,
3.3083,3.2044,-57.4712,85.4056,45.7270,108.3991,89.9627,84.5867,1.3303,
3.3167,3.1752,-60.5184,84.7397,44.1342,107.7248,91.3772,84.5169,1.3395,
3.3250,3.1589,-62.6817,84.1172,42.6789,107.0388,92.8278,84.4203,1.3484,
3.3333,3.1418,-63.8880,83.5245,41.4137,106.3553,94.2967,84.2993,1.3571,
3.3417,3.1222,-64.1893,82.9437,40.3903,105.6853,95.7693,84.1579,1.3657,
3.3500,3.1100,-63.7373,82.3553,39.6506,105.0364,97.2357,84.0007,1.3741,
3.3583,3.1149,-62.7206,81.7453,39.2201,104.4121,98.6905,83.8322,1.3824,
3.3667,3.1383,-61.3039,81.1089,39.1055,103.8133,100.1311,83.6562,1.3906,
3.3750,3.1717,-59.6007,80.4499,39.2979,103.2386,101.5541,83.4757,1.3988,
3.3833,3.1967,-57.6790,79.7791,39.7790,102.6844,102.9545,83.2924,1.4068,
3.3917,3.1913,-55.5766,79.1104,40.5289,102.1459,104.3257,83.1074,1.4148,
3.4000,3.1404,-53.3139,78.4558,41.5292,101.6176,105.6594,82.9216,1.4228,
3.4083,3.0393,-50.9023,77.8229,42.7637,101.0941,106.9476,82.7364,1.4307,
3.4167,2.8910,-48.3486,77.2152,44.2176,100.5708,108.1838,82.5536,1.4387,
3.4250,2.7033,-45.6597,76.6340,45.8795,100.0434,109.3631,82.3756,1.4466,
3.4333,2.4867,-42.8482,76.0791,47.7415,99.5071,110.4826,82.2062,1.4545,
3.4417,2.2542,-39.9360,75.5495,49.7984,98.9571,111.5395,82.0511,1.4624,
3.4500,2.0185,-36.9500,75.0436,52.0471,98.3892,112.5293,81.9172,1.4704,
3.4583,1.7884,-33.9126,74.5591,54.4834,97.8011,113.4448,81.8110,1.4783,
3.4667,1.5676,-30.8380,74.0931,57.0972,97.1927,114.2789,81.7351,1.4863,
3.4750,1.3558,-27.7378,73.6429,59.8700,96.5655,115.0270,81.6858,1.4943,
3.4833,1.1514,-24.6256,73.2051,62.7806,95.9217,115.6864,81.6516,1.5024,
3.4917,0.9509,-21.5133,72.7771,65.8097,95.2638,116.2547,81.6174,1.5106,
3.5000,0.7497,-18.4040,72.3561,68.9401,94.5944,116.7285,81.5700,1.5188,
3.5083,0.5420,-15.2871,71.9395,72.1574,93.9157,117.1044,81.5026,1.5271,
3.5167,0.3211,-12.1372,71.5249,75.4510,93.2294,117.3798,81.4145,1.5354,
3.5250,0.0806,-8.9171,71.1110,78.8136,92.5365,117.5548,81.3103,1.5439,
3.5333,-0.1850,-5.5861,70.6976,82.2374,91.8369,117.6318,81.1984,1.5524,
3.5417,-0.4805,-2.1167,70.2870,85.7125,91.1285,117.6148,81.0900,1.5610,
3.5500,-0.8107,1.4866,69.8831,89.2230,90.4080,117.5095,80.9981,1.5698,
3.5583,-1.1813,5.1781,69.4906,92.7431,89.6712,117.3222,80.9365,1.5787,
3.5667,-1.5993,8.8816,69.1105,96.2347,88.9162,117.0611,80.9178,1.5877,
3.5750,-2.0708,12.5120,68.7343,99.6492,88.1470,116.7369,80.9515,1.5968,
3.5833,-2.5989,15.9877,68.3465,102.9320,87.3726,116.3626,81.0409,1.6062,
3.5917,-3.1832,19.2290,67.9321,106.0274,86.6020,115.9538,81.1819,1.6157,
3.6000,-3.8231,22.1591,67.4825,108.8799,85.8411,115.5280,81.3639,1.6254,
3.6083,-4.5202,24.7128,66.9931,111.4347,85.0925,115.1038,81.5731,1.6352,
3.6167,-5.2815,26.8438,66.4615,113.6386,84.3576,114.6994,81.7981,1.6453,
3.6250,-6.1182,28.5254,65.8849,115.4411,83.6375,114.3328,82.0329,1.6554,
3.6333,-7.0416,29.7459,65.2598,116.7996,82.9338,114.0191,82.2783,1.6658,
3.6417,-8.0579,30.5003,64.5832,117.6882,82.2486,113.7685,82.5396,1.6763,
3.6500,-9.1696,30.7818,63.8521,118.1066,81.5847,113.5834,82.8245,1.6870,
3.6583,-10.3782,30.5770,63.0644,118.0840,80.9460,113.4581,83.1405,1.6978,
3.6667,-11.6862,29.8690,62.2179,117.6793,80.3368,113.3794,83.4941,1.7088,
3.6750,-13.0978,28.6527,61.3110,116.9739,79.7629,113.3300,83.8883,1.7199,
3.6833,-14.6195,26.9587,60.3406,116.0598,79.2309,113.2930,84.3222,1.7311,
3.6917,-16.2605,24.8680,59.3030,115.0226,78.7494,113.2562,84.7895,1.7425,
3.7000,-18.0327,22.5004,58.1944,113.9250,78.3281,113.2149,85.2792,1.7539,
3.7083,-19.9500,19.9874,57.0107,112.7991,77.9784,113.1708,85.7767,1.7654,
3.7167,-22.0259,17.4547,55.7463,111.6486,77.7141,113.1289,86.2668,1.7769,
3.7250,-24.2703,15.0145,54.3947,110.4594,77.5515,113.0942,86.7364,1.7884,
3.7333,-26.6878,12.7584,52.9493,109.2149,77.5068,113.0686,87.1762,1.8000,
3.7417,-29.2856,10.7484,51.4066,107.9077,77.5939,113.0494,87.5810,1.8114,
3.7500,-32.0803,9.0181,49.7657,106.5430,77.8225,113.0300,87.9486,1.8227,
3.7583,-35.0956,7.5784,48.0274,105.1336,78.1997,113.0026,88.2781,1.8339,
3.7667,-38.3498,6.4209,46.1942,103.6972,78.7293,112.9589,88.5688,1.8450,
3.7750,-41.8426,5.5194,44.2736,102.2557,79.4114,112.8895,88.8201,1.8558,
3.7833,-45.5421,4.8333,42.2810,100.8368,80.2403,112.7830,89.0320,1.8663,
3.7917,-49.3750,4.3179,40.2420,99.4709,81.2053,112.6265,89.2052,1.8766,
3.8000,-53.2228,3.9325,38.1916,98.1865,82.2909,112.4081,89.3408,1.8867,
3.8083,-56.9268,3.6455,36.1704,97.0045,83.4781,112.1193,89.4397,1.8964,
3.8167,-60.3002,3.4350,34.2193,95.9348,84.7472,111.7574,89.5019,1.9059,
3.8250,-63.1508,3.2874,32.3780,94.9747,86.0793,111.3260,89.5279,1.9152,
3.8333,-65.3129,3.1906,30.6861,94.1116,87.4587,110.8330,89.5196,1.9243,
3.8417,-66.6874,3.1287,29.1846,93.3276,88.8732,110.2886,89.4810,1.9331,
3.8500,-67.2717,3.0859,27.9145,92.6049,90.3134,109.7037,89.4194,1.9418,
3.8583,-67.1621,3.0505,26.9134,91.9294,91.7731,109.0878,89.3438,1.9504,
3.8667,-66.5122,3.0141,26.2090,91.2922,93.2485,108.4485,89.2632,1.9588,
3.8750,-65.4727,2.9702,25.8151,90.6881,94.7378,107.7912,89.1837,1.9671,
3.8833,-64.1511,2.9159,25.7303,90.1146,96.2396,107.1186,89.1081,1.9753,
3.8917,-62.6107,2.8517,25.9415,89.5704,97.7505,106.4321,89.0354,1.9834,
3.9000,-60.8894,2.7796,26.4284,89.0550,99.2653,105.7328,88.9626,1.9915,
3.9083,-59.0157,2.6996,27.1693,88.5666,100.7765,105.0229,88.8861,1.9996,
3.9167,-57.0156,2.6096,28.1439,88.1025,102.2756,104.3057,88.8039,2.0076,
3.9250,-54.9099,2.5070,29.3361,87.6590,103.7528,103.5851,88.7160,2.0156,
3.9333,-52.7089,2.3902,30.7328,87.2309,105.1978,102.8650,88.6222,2.0237,
3.9417,-50.4102,2.2586,32.3226,86.8132,106.6012,102.1487,88.5221,2.0317,
3.9500,-48.0018,2.1130,34.0955,86.4003,107.9557,101.4392,88.4131,2.0398,
3.9583,-45.4697,1.9549,36.0429,85.9871,109.2566,100.7390,88.2911,2.0478,
3.9667,-42.8064,1.7867,38.1584,85.5690,110.5013,100.0504,88.1524,2.0559,
3.9750,-40.0159,1.6111,40.4375,85.1407,111.6892,99.3761,87.9949,2.0639,
3.9833,-37.1101,1.4314,42.8745,84.6966,112.8210,98.7179,87.8198,2.0719,
3.9917,-34.1043,1.2514,45.4603,84.2317,113.8977,98.0768,87.6324,2.0799,
4.0000,-31.0147,1.0753,48.1811,83.7421,114.9184,97.4519,87.4426,2.0879,
4.0083,-27.8583,0.9061,51.0197,83.2268,115.8799,96.8405,87.2618,2.0959,
4.0167,-24.6548,0.7446,53.9582,82.6887,116.7768,96.2380,87.0994,2.1039,
4.0250,-21.4321,0.5894,56.9807,82.1343,117.6037,95.6391,86.9590,2.1120,
4.0333,-18.2284,0.4372,60.0737,81.5716,118.3564,95.0387,86.8391,2.1201,
4.0417,-15.0830,0.2834,63.2244,81.0075,119.0326,94.4330,86.7355,2.1283,
4.0500,-12.0213,0.1242,66.4177,80.4457,119.6334,93.8214,86.6431,2.1365,
4.0583,-9.0478,-0.0429,69.6361,79.8867,120.1620,93.2054,86.5566,2.1448,
4.0667,-6.1465,-0.2184,72.8625,79.3270,120.6228,92.5880,86.4714,2.1532,
4.0750,-3.2853,-0.4024,76.0835,78.7624,121.0184,91.9724,86.3842,2.1616,
4.0833,-0.4239,-0.5980,79.2926,78.1880,121.3482,91.3608,86.2929,2.1700,
4.0917,2.4769,-0.8108,82.4905,77.6002,121.6085,90.7546,86.1964,2.1785,
4.1000,5.4461,-1.0493,85.6818,76.9981,121.7936,90.1534,86.0948,2.1871,
4.1083,8.4944,-1.3224,88.8653,76.3843,121.8994,89.5552,85.9894,2.1959,
4.1167,11.6086,-1.6385,92.0274,75.7646,121.9255,88.9559,85.8832,2.2047,
4.1250,14.7506,-2.0050,95.1401,75.1457,121.8758,88.3513,85.7803,2.2136,
4.1333,17.8628,-2.4287,98.1632,74.5337,121.7592,87.7362,85.6856,2.2227,
4.1417,20.8781,-2.9166,101.0499,73.9335,121.5878,87.1055,85.6041,2.2320,
4.1500,23.7294,-3.4756,103.7530,73.3490,121.3749,86.4541,85.5404,2.2414,
4.1583,26.3565,-4.1101,106.2275,72.7825,121.1327,85.7790,85.4986,2.2510,
4.1667,28.7049,-4.8184,108.4296,72.2319,120.8722,85.0810,85.4820,2.2608,
4.1750,30.7214,-5.5938,110.3174,71.6891,120.6030,84.3659,85.4924,2.2707,
4.1833,32.3552,-6.4285,111.8539,71.1402,120.3329,83.6439,85.5298,2.2809,
4.1917,33.5629,-7.3170,113.0105,70.5697,120.0674,82.9262,85.5928,2.2912,
4.2000,34.3107,-8.2587,113.7691,69.9656,119.8097,82.2223,85.6790,2.3018,
4.2083,34.5748,-9.2611,114.1254,69.3204,119.5610,81.5386,85.7859,2.3125,
4.2167,34.3455,-10.3365,114.0917,68.6289,119.3202,80.8809,85.9111,2.3233,
4.2250,33.6345,-11.4963,113.7001,67.8874,119.0836,80.2546,86.0523,2.3344,
4.2333,32.4768,-12.7492,113.0021,67.0938,118.8464,79.6643,86.2074,2.3455,
4.2417,30.9268,-14.1019,112.0666,66.2494,118.6037,79.1148,86.3741,2.3568,
4.2500,29.0592,-15.5604,110.9728,65.3575,118.3524,78.6111,86.5503,2.3682,
4.2583,26.9697,-17.1308,109.7995,64.4212,118.0932,78.1598,86.7332,2.3796,
4.2667,24.7667,-18.8210,108.6076,63.4410,117.8315,77.7690,86.9199,2.3911,
4.2750,22.5518,-20.6408,107.4257,62.4151,117.5777,77.4479,87.1062,2.4027,
4.2833,20.4030,-22.6030,106.2461,61.3421,117.3454,77.2064,87.2872,2.4142,
4.2917,18.3707,-24.7258,105.0396,60.2212,117.1483,77.0556,87.4575,2.4257,
4.3000,16.4838,-27.0343,103.7791,59.0513,116.9943,77.0081,87.6112,2.4371,
4.3083,14.7556,-29.5583,102.4579,57.8305,116.8813,77.0760,87.7441,2.4484,
4.3167,13.1874,-32.3243,101.0921,56.5568,116.7965,77.2700,87.8533,2.4596,
4.3250,11.7731,-35.3481,99.7132,55.2279,116.7195,77.5981,87.9383,2.4707,
4.3333,10.5081,-38.6281,98.3570,53.8398,116.6269,78.0654,87.9998,2.4815,
4.3417,9.3954,-42.1420,97.0575,52.3856,116.4963,78.6740,88.0399,2.4922,
4.3500,8.4442,-45.8447,95.8429,50.8595,116.3090,79.4224,88.0608,2.5027,
4.3583,7.6607,-49.6673,94.7317,49.2646,116.0520,80.3037,88.0642,2.5130,
4.3667,7.0401,-53.5136,93.7304,47.6214,115.7194,81.3033,88.0510,2.5230,
4.3750,6.5665,-57.2551,92.8353,45.9687,115.3127,82.3985,88.0216,2.5329,
4.3833,6.2176,-60.7283,92.0347,44.3539,114.8400,83.5645,87.9759,2.5426,
4.3917,5.9687,-63.7432,91.3109,42.8185,114.3146,84.7818,87.9138,2.5520,
4.4000,5.7952,-66.1088,90.6427,41.3940,113.7529,86.0394,87.8348,2.5612,
4.4083,5.6746,-67.6763,90.0075,40.1070,113.1718,87.3317,87.7389,2.5702,
4.4167,5.5877,-68.3855,89.3868,38.9831,112.5855,88.6563,87.6265,2.5790,
4.4250,5.5182,-68.2874,88.7688,38.0468,112.0042,90.0132,87.4989,2.5876,
4.4333,5.4545,-67.5228,88.1498,37.3196,111.4328,91.4031,87.3579,2.5960,
4.4417,5.3905,-66.2704,87.5323,36.8157,110.8715,92.8265,87.2057,2.6041,
4.4500,5.3261,-64.6913,86.9231,36.5417,110.3171,94.2808,87.0447,2.6121,
4.4583,5.2652,-62.9000,86.3300,36.4983,109.7641,95.7588,86.8776,2.6200,
4.4667,5.2120,-60.9605,85.7608,36.6838,109.2073,97.2483,86.7070,2.6277,
4.4750,5.1682,-58.9012,85.2197,37.0948,108.6438,98.7348,86.5356,2.6353,
4.4833,5.1319,-56.7305,84.7057,37.7256,108.0749,100.2024,86.3657,2.6428,
4.4917,5.0969,-54.4466,84.2135,38.5685,107.5056,101.6365,86.1994,2.6502,
4.5000,5.0522,-52.0417,83.7370,39.6144,106.9429,103.0254,86.0387,2.6577,
4.5083,4.9831,-49.5095,83.2717,40.8563,106.3934,104.3620,85.8848,2.6650,
4.5167,4.8778,-46.8559,82.8136,42.2910,105.8617,105.6442,85.7376,2.6724,
4.5250,4.7363,-44.0960,82.3576,43.9217,105.3499,106.8743,85.5961,2.6797,
4.5333,4.5708,-41.2492,81.8971,45.7533,104.8571,108.0563,85.4589,2.6870,
4.5417,4.3979,-38.3430,81.4265,47.7837,104.3808,109.1932,85.3253,2.6942,
4.5500,4.2315,-35.4128,80.9422,49.9992,103.9177,110.2841,85.1960,2.7014,
4.5583,4.0794,-32.4876,80.4429,52.3772,103.4646,111.3252,85.0721,2.7086,
4.5667,3.9440,-29.5826,79.9282,54.8931,103.0192,112.3096,84.9557,2.7158,
4.5750,3.8238,-26.7010,79.3982,57.5263,102.5804,113.2298,84.8485,2.7230,
4.5833,3.7154,-23.8409,78.8523,60.2612,102.1485,114.0802,84.7518,2.7302,
4.5917,3.6149,-21.0005,78.2896,63.0856,101.7250,114.8584,84.6659,2.7375,
4.6000,3.5182,-18.1802,77.7089,65.9874,101.3126,115.5668,84.5900,2.7448,
4.6083,3.4220,-15.3799,77.1090,68.9537,100.9139,116.2120,84.5224,2.7521,
4.6167,3.3218,-12.5916,76.4894,71.9685,100.5303,116.8017,84.4613,2.7594,
4.6250,3.2132,-9.7958,75.8493,75.0119,100.1623,117.3423,84.4058,2.7667,
4.6333,3.0918,-6.9650,75.1884,78.0579,99.8083,117.8373,84.3564,2.7740,
4.6417,2.9551,-4.0750,74.5075,81.0807,99.4656,118.2883,84.3145,2.7814,
4.6500,2.8019,-1.1134,73.8067,84.0604,99.1316,118.6958,84.2812,2.7888,
4.6583,2.6316,1.9205,73.0847,86.9871,98.8044,119.0596,84.2575,2.7963,
4.6667,2.4432,5.0153,72.3393,89.8596,98.4819,119.3795,84.2440,2.8038,
4.6750,2.2367,8.1469,71.5699,92.6811,98.1608,119.6564,84.2407,2.8114,
4.6833,2.0131,11.2802,70.7801,95.4564,97.8360,119.8926,84.2474,2.8191,
4.6917,1.7722,14.3751,69.9758,98.1868,97.5014,120.0915,84.2638,2.8268,
4.7000,1.5115,17.3951,69.1647,100.8676,97.1517,120.2569,84.2894,2.8347,
4.7083,1.2287,20.3103,68.3535,103.4882,96.7832,120.3926,84.3238,2.8425,
4.7167,0.9228,23.0959,67.5466,106.0336,96.3941,120.5015,84.3668,2.8505,
4.7250,0.5965,25.7266,66.7472,108.4865,95.9845,120.5855,84.4180,2.8586,
4.7333,0.2561,28.1747,65.9564,110.8310,95.5571,120.6449,84.4764,2.8667,
4.7417,-0.0903,30.4153,65.1752,113.0538,95.1154,120.6790,84.5409,2.8749,
4.7500,-0.4370,32.4344,64.4040,115.1426,94.6629,120.6878,84.6099,2.8831,
4.7583,-0.7835,34.2303,63.6442,117.0824,94.2018,120.6746,84.6820,2.8915,
4.7667,-1.1331,35.8092,62.8989,118.8546,93.7311,120.6452,84.7562,2.8999,
4.7750,-1.4918,37.1783,62.1749,120.4375,93.2453,120.6076,84.8321,2.9084,
4.7833,-1.8673,38.3400,61.4789,121.8078,92.7370,120.5705,84.9104,2.9170,
4.7917,-2.2683,39.2877,60.8147,122.9434,92.1994,120.5417,84.9930,2.9257,
4.8000,-2.7030,40.0069,60.1806,123.8247,91.6287,120.5269,85.0817,2.9346,
4.8083,-3.1807,40.4822,59.5722,124.4368,91.0249,120.5290,85.1787,2.9436,
4.8167,-3.7120,40.7066,58.9837,124.7721,90.3914,120.5479,85.2855,2.9527,
4.8250,-4.3090,40.6868,58.4096,124.8318,89.7335,120.5801,85.4032,2.9621,
4.8333,-4.9818,40.4453,57.8448,124.6270,89.0566,120.6197,85.5326,2.9716,
4.8417,-5.7382,40.0175,57.2848,124.1791,88.3660,120.6582,85.6747,2.9812,
4.8500,-6.5826,39.4457,56.7244,123.5200,87.6660,120.6838,85.8306,2.9911,
4.8583,-7.5169,38.7696,56.1586,122.6912,86.9603,120.6821,86.0022,3.0011,
4.8667,-8.5401,38.0155,55.5821,121.7424,86.2512,120.6367,86.1912,3.0113,
4.8750,-9.6494,37.1884,54.9895,120.7285,85.5412,120.5317,86.3991,3.0217,
4.8833,-10.8416,36.2650,54.3769,119.7095,84.8320,120.3533,86.6261,3.0322,
4.8917,-12.1149,35.1929,53.7420,118.7455,84.1261,120.0926,86.8710,3.0430,
4.9000,-13.4691,33.8956,53.0840,117.8910,83.4270,119.7474,87.1316,3.0539,
4.9083,-14.9046,32.2951,52.4021,117.1832,82.7405,119.3251,87.4050,3.0649,
4.9167,-16.4227,30.3494,51.6933,116.6263,82.0756,118.8448,87.6873,3.0761,
4.9250,-18.0265,28.0842,50.9530,116.1794,81.4446,118.3378,87.9740,3.0873,
4.9333,-19.7212,25.5992,50.1760,115.7603,80.8616,117.8425,88.2602,3.0987,
4.9417,-21.5143,23.0392,49.3574,115.2707,80.3423,117.3970,88.5406,3.1100,
4.9500,-23.4159,20.5499,48.4919,114.6296,79.9024,117.0296,88.8101,3.1213,
4.9583,-25.4397,18.2434,47.5735,113.7943,79.5573,116.7541,89.0630,3.1326,
4.9667,-27.6033,16.1893,46.5949,112.7633,79.3218,116.5685,89.2938,3.1437,
4.9750,-29.9262,14.4173,45.5478,111.5672,79.2084,116.4577,89.4961,3.1547,
4.9833,-32.4249,12.9175,44.4244,110.2577,79.2267,116.3982,89.6637,3.1655,
4.9917,-35.1055,11.6471,43.2197,108.8927,79.3829,116.3629,89.7910,3.1761,
5.0000,-37.9597,10.5493,41.9340,107.5257,79.6792,116.3259,89.8744,3.1863,
5.0083,-40.9625,9.5746,40.5735,106.1990,80.1135,116.2652,89.9138,3.1963,
5.0167,-44.0745,8.6920,39.1496,104.9442,80.6797,116.1641,89.9122,3.2059,
5.0250,-47.2441,7.8881,37.6764,103.7824,81.3683,116.0112,89.8749,3.2153,
5.0333,-50.4056,7.1608,36.1686,102.7253,82.1677,115.8002,89.8083,3.2244,
5.0417,-53.4718,6.5135,34.6404,101.7739,83.0640,115.5293,89.7197,3.2332,
5.0500,-56.3260,5.9508,33.1077,100.9201,84.0420,115.2009,89.6159,3.2418,
5.0583,-58.8196,5.4764,31.5948,100.1486,85.0844,114.8203,89.5034,3.2503,
5.0667,-60.7924,5.0910,30.1394,99.4416,86.1721,114.3946,89.3876,3.2586,
5.0750,-62.1166,4.7900,28.7909,98.7813,87.2875,113.9315,89.2722,3.2667,
5.0833,-62.7474,4.5635,27.6007,98.1538,88.4183,113.4380,89.1598,3.2748,
5.0917,-62.7439,4.3990,26.6142,97.5503,89.5593,112.9200,89.0520,3.2827,
5.1000,-62.2430,4.2836,25.8685,96.9674,90.7126,112.3811,88.9496,3.2905,
5.1083,-61.4051,4.2048,25.3887,96.4062,91.8839,111.8230,88.8531,3.2982,
5.1167,-60.3625,4.1519,25.1832,95.8706,93.0791,111.2468,88.7625,3.3057,
5.1250,-59.1991,4.1173,25.2423,95.3642,94.3001,110.6534,88.6774,3.3132,
5.1333,-57.9581,4.0960,25.5444,94.8896,95.5438,110.0444,88.5971,3.3205,
5.1417,-56.6583,4.0848,26.0633,94.4467,96.8023,109.4233,88.5209,3.3278,
5.1500,-55.3065,4.0804,26.7742,94.0330,98.0655,108.7959,88.4466,3.3349,
5.1583,-53.9029,4.0776,27.6573,93.6424,99.3226,108.1708,88.3716,3.3418,
5.1667,-52.4407,4.0691,28.6980,93.2671,100.5648,107.5581,88.2923,3.3486,
5.1750,-50.9051,4.0452,29.8850,92.8981,101.7861,106.9672,88.2058,3.3553,
5.1833,-49.2740,3.9963,31.2088,92.5240,102.9824,106.4065,88.1107,3.3619,
5.1917,-47.5226,3.9157,32.6600,92.1335,104.1517,105.8825,88.0080,3.3683,
5.2000,-45.6331,3.8023,34.2285,91.7165,105.2960,105.3991,87.8995,3.3746,
5.2083,-43.5998,3.6605,35.9020,91.2683,106.4209,104.9562,87.7865,3.3809,
5.2167,-41.4300,3.5010,37.6654,90.7897,107.5326,104.5503,87.6695,3.3871,
5.2250,-39.1443,3.3420,39.5025,90.2871,108.6349,104.1749,87.5482,3.3933,
5.2333,-36.7720,3.2089,41.4028,89.7694,109.7273,103.8207,87.4239,3.3994,
5.2417,-34.3411,3.1217,43.3746,89.2459,110.8028,103.4758,87.2989,3.4055,
5.2500,-31.8700,3.0802,45.4632,88.7242,111.8445,103.1281,87.1750,3.4116,
5.2583,-29.3665,3.0677,47.7711,88.2060,112.8189,102.7711,87.0510,3.4177,
5.2667,-26.8286,3.0680,50.4687,87.6880,113.6677,102.4059,86.9235,3.4238,
5.2750,-24.2458,3.0709,53.7991,87.1652,114.2946,102.0380,86.7892,3.4299,
5.2833,-21.5994,3.0687,58.0708,86.6364,114.5455,101.6734,86.6451,3.4360,
5.2917,-18.8655,3.0525,55.8673,86.1054,115.2405,101.3174,86.4888,3.4419,
5.3000,-16.0250,3.0152,59.3317,85.5797,115.8426,100.9757,86.3190,3.4477,
5.3083,-13.0800,2.9549,62.7091,85.0683,116.4054,100.6559,86.1361,3.4532,
5.3167,-10.0702,2.8761,65.9425,84.5797,116.9352,100.3679,85.9419,3.4583,
5.3250,-7.0822,2.7877,68.9711,84.1241,117.4334,100.1227,85.7407,3.4629,
