time,Lfoot-m,Lfoot-l,Lfoot-u,Rfoot-m,Rfoot-l,Rfoot-u
0.0,9.444495000000002,-23.409278980388834,42.29826898038884,,,
1.0101010101010102,7.3653926262626275,-25.68980185387462,40.42058710639987,,,
2.0202020202020203,5.102532626262627,-28.20286391197259,38.407929164497844,,,
3.0303030303030303,2.8864312121212112,-30.736134255874084,36.5089966801165,,,
4.040404040404041,0.8978428787878784,-33.10251946477664,34.898205222352395,,,
5.050505050505051,-0.7846485858585862,-35.17004146895024,33.60074429723307,,,
6.0606060606060606,-2.1172660606060614,-36.84921807411709,32.61468595290496,,,
7.070707070707071,-3.1170768181818187,-38.10193932625323,31.86778568988959,,,
8.080808080808081,-3.8336773232323225,-38.979060716367705,31.31170606990306,,,
9.090909090909092,-4.324833181818182,-39.559851834362576,30.91018547072621,,,
10.101010101010102,-4.641081262626264,-39.905706663654485,30.623544138401954,,,
11.111111111111112,-4.831909444444444,-40.08440126806046,30.420582379171574,,,
12.121212121212121,-4.940007878787879,-40.15735963504815,30.27734387747239,,,
13.131313131313131,-5.004082979797981,-40.17336626673801,30.165200307142047,,,
14.141414141414142,-5.061436515151515,-40.18146995682592,30.058596926522895,,,
15.151515151515152,-5.130220454545457,-40.20654463114283,29.946103722051916,,,
16.161616161616163,-5.204729393939395,-40.24744923215808,29.837990444279292,,,
17.171717171717173,-5.2684924747474735,-40.29409576579025,29.757110816295302,,,
18.181818181818183,-3.3827068181818176,-39.802135315823826,33.03672167946019,,,
19.191919191919194,-3.2059788888888887,-39.88013485532147,33.4681770775437,,,
20.202020202020204,-3.223212878787879,-39.906958486967376,33.46053272939162,,,
21.212121212121215,-3.2556356060606064,-39.93146691292185,33.42019570080063,,,
22.222222222222225,-3.301916666666665,-39.95126852022887,33.347435186895545,,,
23.232323232323235,-3.371531212121211,-39.98295715499727,33.23989473075485,,,
24.242424242424242,-3.471301818181818,-40.04398078658666,33.101377150223016,,,
25.252525252525253,-3.5988700000000002,-40.13686123418487,32.939121234184874,,,
26.262626262626263,-3.7430964646464653,-40.252876546700925,32.766683617408,,,
27.272727272727273,-4.708328636363643,-40.272981010420594,30.856323737693305,,,
28.282828282828284,-6.292046919191918,-41.042712604472946,28.45861876608911,,,
29.292929292929294,-6.449801262626262,-41.17649088294545,28.27688835769293,,,
30.303030303030305,-6.604507727272727,-41.31086485195309,28.10184939740764,,,
31.313131313131315,-6.763733636363638,-41.450955165298474,27.923487892571195,,,
32.323232323232325,-6.933377878787878,-41.60098008558519,27.734224328009432,,,
33.333333333333336,-7.1175516666666665,-41.76420713672687,27.529103803393536,,,
34.343434343434346,-7.315320909090909,-41.93930213880516,27.308660320623346,,,
35.35353535353536,-7.527021767676769,-42.12660408977914,27.072560554425603,,,
36.36363636363637,-7.754797272727274,-42.32949073373421,26.819896188279664,,,
37.37373737373738,-8.001287979797977,-42.55106188893387,26.548485929337915,,,
38.38383838383839,-8.27116893939394,-42.79669730383301,26.25435942504513,,,
39.3939393939394,-8.57157424242424,-43.07474028198464,25.931591797136157,,,
40.40404040404041,-8.910543282828286,-43.39320038231355,25.57211381665698,,,
41.41414141414142,-9.29263409090909,-43.756932381323374,25.171664199505194,,,
42.42424242424243,-9.724767727272729,-44.1748883654986,24.72535291095315,,,
43.43434343434344,-10.21626303030303,-44.657992195554606,24.22546613494854,,,
44.44444444444445,-10.777689444444444,-45.21657899922738,23.661200110338488,,,
45.45454545454546,-11.421144090909092,-45.86708239639236,23.024794214574175,,,
46.46464646464647,-12.15677095959596,-46.62690805594951,22.313366136757587,,,
47.47474747474748,-12.998380353535353,-47.51037085907717,21.513610152006464,,,
48.484848484848484,-13.957891818181821,-48.534463711166126,20.618680074802484,,,
49.494949494949495,-15.051651969696968,-49.723665088572396,19.620361149178457,,,
50.505050505050505,-16.307302121212125,-51.100202295438116,18.485598053013867,,,
51.515151515151516,-17.758862121212122,-52.70149139197801,17.18376714955377,,,
52.525252525252526,-19.43947893939394,-54.57580293642731,15.696845057639425,,,
53.535353535353536,-21.38787580808081,-56.765394444269006,13.989642828107389,,,
54.54545454545455,-23.638795454545455,-59.31187975821396,12.034288849123055,,,
55.55555555555556,-26.225421111111103,-62.274473401899364,9.823631179677157,,,
56.56565656565657,-19.536928737373717,-33.30349945644231,-5.770358018305128,,,
57.57575757575758,-14.492086818181818,-59.9969399006168,31.012766264253166,,,
58.58585858585859,-18.133929898989905,-63.74420370165582,27.47634390367601,,,
59.5959595959596,-22.01510363636364,-67.6396584376586,23.609451164931322,,,
60.60606060606061,-25.967442575757577,-71.47228548231871,19.53740033080356,,,
61.61616161616162,-29.805994393939397,-74.99741568076037,15.385426892881572,,,
62.62626262626263,-33.37340186868688,-78.06993081755341,11.32312708017966,,,
63.63636363636364,-36.50345636363637,-80.55308094936439,7.5461682220916515,,,
64.64646464646465,-39.141012727272724,-82.49753653562198,4.215511081076535,,,
65.65656565656566,-41.243495505050504,-84.01834466671708,1.5313536566160764,,,
66.66666666666667,-42.813558333333326,-85.17370095945572,-0.4534157072109366,,,
67.67676767676768,-43.89339505050505,-86.059309146031,-1.7274809549791001,,,
68.68686868686869,-44.432571464646465,-86.59583425033469,-2.2693086789582324,,,
69.6969696969697,-44.46999621212122,-86.70369454851364,-2.236297875728795,,,
70.70707070707071,-43.996248181818174,-86.312435413666,-1.680060949970354,,,
71.71717171717172,-43.06129606060606,-85.46087745028014,-0.6617146709319854,,,
72.72727272727273,-41.701469999999986,-84.20518649890704,0.8022464989070741,,,
73.73737373737374,-39.974001414141405,-82.62240472896971,2.6744019006869024,,,
74.74747474747475,-37.87725171717172,-80.69967647959007,4.9451730452466265,,,
75.75757575757576,-35.428937727272725,-78.42512283544468,7.567247380899225,,,
76.76767676767678,-32.67313277777778,-75.81615253429644,10.469886978740874,,,
77.77777777777779,-29.639441666666663,-72.88783064145555,13.608947308122225,,,
78.7878787878788,-26.39307696969697,-69.71329945176396,16.92714551237001,,,
79.7979797979798,-22.97155797979798,-66.32660012028242,20.383484160686457,,,
80.80808080808082,-19.408021313131307,-62.761558504585444,23.94551587832283,,,
81.81818181818183,-15.739599545454547,-59.06307078313273,27.58387169222364,,,
82.82828282828284,-11.990027979797981,-55.25981029821444,31.27975433861848,,,
83.83838383838385,-8.179883484848485,-51.382064443976105,35.02229747427914,,,
84.84848484848486,-4.335343787878783,-47.473512664434956,38.80282508867739,,,
85.85858585858587,-11.590567929292979,-24.087523949486773,0.9063880909008155,,,
86.86868686868688,-14.717041111111106,-52.910187757193235,23.47610553497102,,,
87.87878787878789,-11.04064242424242,-49.149394200333596,27.068109351848754,,,
88.8888888888889,-7.482766111111111,-45.42762415720841,30.46209193498619,,,
89.89898989898991,-4.047480656565659,-41.734363471149784,33.63940215801846,,,
90.90909090909092,-0.7466290909090822,-38.05327737535978,36.56001919354161,,,
91.91919191919193,2.387077070707067,-34.41470762840689,39.18886176982102,,,
92.92929292929294,5.291547979797983,-30.90106731823537,41.484163277831335,,,
93.93939393939395,7.873056969696971,-27.635859396265584,43.381973335659524,,,
94.94949494949496,10.021986414141416,-24.775968888702643,44.819941716985475,,,
95.95959595959597,11.626915505050503,-22.47521257569923,45.72904358580024,,,
96.96969696969697,12.610379393939395,-20.86239215909849,46.083150946977284,,,
97.97979797979798,12.831124646464644,-20.13033156092913,45.79258085385842,,,
98.98989898989899,12.272893282828283,-20.29162253032588,44.83740909598245,,,
100.0,11.02495,-21.275233890057034,43.32513389005703,,,
0.0,-14.479755,-49.45093367578207,20.49142367578207,,,
1.0101010101010102,-15.608202272727272,-50.746062008318404,19.529657462863863,,,
2.0202020202020203,-16.89199606060606,-52.22461747510304,18.440625353890916,,,
3.0303030303030303,-18.368159090909096,-53.9258157282947,17.18949754647651,,,
4.040404040404041,-20.10109878787879,-55.9250630505907,15.722865474833121,,,
5.050505050505051,-22.116790505050506,-58.25380385612246,14.020222846021444,,,
6.0606060606060606,-24.460009545454547,-60.964031163132816,12.044012072223722,,,
7.070707070707071,-9.1984601010101,-53.41924857927045,35.022328377250254,,,
8.080808080808081,-12.339714696969697,-56.51164287626314,31.83221348232375,,,
9.090909090909092,-15.862614090909087,-59.97976561734586,28.25453743552769,,,
10.101010101010102,-19.739617828282828,-63.77661587072372,24.297380214158064,,,
11.111111111111112,-23.845718333333334,-67.73274840834107,20.041311741674402,,,
12.121212121212121,-28.033489999999993,-71.68240999746686,15.615429997466883,,,
13.131313131313131,-32.10552166666667,-75.40717721100422,11.196133877670889,,,
14.141414141414142,-35.886077474747474,-78.79131532680978,7.019160377314826,,,
15.151515151515152,-39.19689636363636,-81.72446537986757,3.330672652594842,,,
16.161616161616163,-41.9083745959596,-84.15195180349008,0.33520261157087816,,,
17.171717171717173,-43.99405247474747,-86.14533636696513,-1.8427685825298141,,,
18.181818181818183,-45.40141454545455,-87.62487688581501,-3.177952205094094,,,
19.191919191919194,-46.1560105050505,-88.5334715304835,-3.778549479617517,,,
20.202020202020204,-46.31710595959596,-88.87884446336938,-3.755367455822558,,,
21.212121212121215,-45.94185606060605,-88.68385358691174,-3.1998585343003683,,,
22.222222222222225,-45.06195666666666,-87.96006375294454,-2.163849580388785,,,
23.232323232323235,-43.73431424242424,-86.77046625612785,-0.6981622287206335,,,
24.242424242424242,-41.989215909090916,-85.15470143379287,1.1762696156110408,,,
25.252525252525253,-39.86007318181818,-83.13717002495537,3.417023661319014,,,
26.262626262626263,-37.40128111111111,-80.77378377866363,5.971221556441407,,,
27.272727272727273,-34.654174999999995,-78.1057056261952,8.797355626195213,,,
28.282828282828284,-31.653277272727273,-75.15402375872108,11.847469213266528,,,
29.292929292929294,-28.447021313131312,-71.96392720351103,15.069884577248406,,,
30.303030303030305,-25.06835757575758,-68.56790153487319,18.431186383358025,,,
31.313131313131315,-21.552102525252526,-65.00484305350145,21.90063800299639,,,
32.323232323232325,-17.920277828282828,-61.301685037875096,25.46112938130944,,,
33.333333333333336,-14.202134999999995,-57.49993933003691,29.095669330036916,,,
34.343434343434346,-10.42184217171717,-53.63540917446355,32.7917248310292,,,
35.35353535353536,-6.609750707070705,-49.742381266451794,36.52287985231039,,,
36.36363636363637,-19.164655454545407,-48.87548381574436,10.546172906653545,,,
37.37373737373738,-17.02462818181818,-53.659280568795104,19.610024205158744,,,
38.38383838383839,-13.298073838383837,-49.84752084756602,23.251373170798345,,,
39.3939393939394,-9.622931666666666,-46.03925879569031,26.793395462356976,,,
40.40404040404041,-5.996810858585858,-42.217781878561006,30.224160161389285,,,
41.41414141414142,-2.456359040404039,-38.39767016310672,33.48495208229864,,,
42.42424242424243,0.9381043939393932,-34.64104555497226,36.51725434285104,,,
43.43434343434344,4.117876818181818,-31.02844643720858,39.26420007357222,,,
44.44444444444445,6.983985555555558,-27.685503525077543,41.653474636188655,,,
45.45454545454546,9.423456363636365,-24.759348300238617,43.60626102751135,,,
46.46464646464647,11.286015202020204,-22.42666007617759,44.998690480217995,,,
47.47474747474748,12.478649444444445,-20.841662141245017,45.7989610301339,,,
48.484848484848484,12.92985606060606,-20.08799583441758,45.947707955629696,,,
49.494949494949495,12.630421767676765,-20.177936191479063,45.43877972683259,,,
50.505050505050505,11.669741414141416,-21.072511644276506,44.41199447255934,,,
51.515151515151516,10.185913181818181,-22.635506041864083,43.00733240550044,,,
52.525252525252526,8.331678484848485,-24.672391100199395,41.33574806989637,,,
53.535353535353536,6.267358383838383,-27.00704655137624,39.54176331905301,,,
54.54545454545455,4.117845454545452,-29.49786494701879,37.733555856109696,,,
55.55555555555556,2.014213333333335,-31.98664131329348,36.01506797996015,,,
56.56565656565657,0.07020686868686474,-34.324448469303306,34.46486220667704,,,
57.57575757575758,-1.608849242424244,-36.31854650446731,33.10084801961882,,,
58.58585858585859,-2.971352222222223,-37.881579430757796,31.93887498631335,,,
59.5959595959596,-4.009775858585859,-39.003215358067564,30.983663640895845,,,
60.60606060606061,-4.75441984848485,-39.723719547253864,30.214879850284163,,,
61.61616161616162,-5.262124393939394,-40.15415882728856,29.629910039409772,,,
62.62626262626263,-5.61185505050505,-40.41546748705396,29.19175738604386,,,
63.63636363636364,-5.894866363636364,-40.618275632164114,28.828542904891382,,,
64.64646464646465,-6.16911777777778,-40.839362255037045,28.50112669948149,,,
65.65656565656566,-6.4407477777777755,-41.09463312776638,28.21313757221083,,,
66.66666666666667,-6.688283333333335,-41.35943909175961,27.98287242509294,,,
67.67676767676768,-6.8720191919191915,-41.5719388686266,27.827900484788216,,,
68.68686868686869,-6.98426797979798,-41.69685395557716,27.728317995981204,,,
69.6969696969697,-7.035211969696971,-41.73291234473484,27.6624884053409,,,
70.70707070707071,-7.070032777777781,-41.72485009296276,27.584784537407195,,,
71.71717171717172,-7.132637979797981,-41.73570076894624,27.470424809350273,,,
72.72727272727273,-7.243348181818183,-41.7983232594484,27.311626895812033,,,
73.73737373737374,-7.396973787878788,-41.91345971415669,27.119512138399113,,,
74.74747474747475,-7.57296818181818,-42.06073372048497,26.914797356848606,,,
75.75757575757576,-7.755541060606059,-42.2203352484034,26.709253127191285,,,
76.76767676767678,-7.939255707070707,-42.384097788036875,26.50558637389546,,,
77.77777777777779,-8.12577111111111,-42.55096136456808,26.299419142345858,,,
78.7878787878788,-8.318221666666666,-42.72258765303806,26.08614431970473,,,
79.7979797979798,-8.517639090909089,-42.900109423308265,25.86483124149009,,,
80.80808080808082,-8.72450474747475,-43.084338697807524,25.63532920285802,,,
81.81818181818183,-8.93881909090909,-43.27544753840768,25.397809356589498,,,
82.82828282828284,-9.162274292929293,-43.47453156024051,25.149982974381917,,,
83.83838383838385,-9.397318939393937,-43.68387548201598,24.8892376032281,,,
84.84848484848486,-9.646247878787879,-43.905919711604454,24.613423954028693,,,
85.85858585858587,-9.912942272727275,-44.144719577982386,24.318835032527833,,,
86.86868686868688,-10.201261969696969,-44.40446864375136,24.001944704357424,,,
87.87878787878789,-10.512016666666666,-44.68677900748134,23.662745674148006,,,
88.8888888888889,-10.849353333333337,-44.995580984963766,23.296874318297096,,,
89.89898989898991,-11.213218535353535,-45.33229903341173,22.905861962704662,,,
90.90909090909092,-11.607681363636363,-45.70266988552652,22.487307158253795,,,
91.91919191919193,-12.040815757575757,-46.11426746629507,22.032635951143554,,,
92.92929292929294,-12.516656818181819,-46.5724501889305,21.539136552566863,,,
93.93939393939395,-13.041764090909092,-47.08761608986183,21.00408790804365,,,
94.94949494949496,-13.626557272727274,-47.674317888833,20.42120334337845,,,
95.95959595959597,-14.274675202020205,-48.34049317800772,19.79114277396731,,,
96.96969696969697,-14.99419924242424,-49.10031834096054,19.111919856112056,,,
97.97979797979798,-15.804293282828288,-49.97787723425595,18.36929066859937,,,
98.98989898989899,-16.71376545454546,-50.98008414216098,17.552553233070064,,,
100.0,-17.73917,-52.125027409669165,16.646687409669163,,,
0.0,,,,-5.303334999999999,-10.664185964658035,0.057515964658036545
1.0101010101010102,,,,-6.374293434343434,-12.127418606077008,-0.6211682626098591
2.0202020202020203,,,,-7.645909393939394,-13.858893015740648,-1.4329257721381383
3.0303030303030303,,,,-9.185684090909088,-15.937745259211791,-2.4336229226063866
4.040404040404041,,,,-11.06627398989899,-18.46979202362826,-3.66275595616972
5.050505050505051,,,,-13.318322878787876,-21.48811462889162,-5.148531128684134
6.0606060606060606,,,,-15.995981060606061,-25.035349322344643,-6.956612798867479
7.070707070707071,,,,-19.12527863636364,-29.100234554390646,-9.150322718336632
8.080808080808081,,,,-22.69739292929293,-33.615082381917475,-11.779703476668384
9.090909090909092,,,,-26.660635000000003,-38.45103912069738,-14.870230879302627
10.101010101010102,,,,-30.94923353535354,-43.4332078700875,-18.465259200619574
11.111111111111112,,,,-35.41925833333333,-48.273585800900634,-22.564930865766026
12.121212121212121,,,,-39.8891646969697,-52.68992434559615,-27.088405048343255
13.131313131313131,,,,-44.137506565656565,-56.41147825333662,-31.863534877976512
14.141414141414142,,,,-47.89537838383838,-59.182434505130026,-36.60832226254673
15.151515151515152,,,,-50.98054090909091,-60.9971085559197,-40.96397326226212
16.161616161616163,,,,-53.23289752525252,-61.9009612706573,-44.56483377984774
17.171717171717173,,,,-54.605536010101005,-62.110170066721665,-47.100901953480346
18.181818181818183,,,,-55.092029545454544,-61.85947441636353,-48.324584674545555
19.191919191919194,,,,-54.82502863636364,-61.41970872403006,-48.23034854869722
20.202020202020204,,,,-53.91023878787878,-60.78603206534895,-47.03444551040862
21.212121212121215,,,,-52.4591003030303,-59.823803538266844,-45.09439706779375
22.222222222222225,,,,-50.57953722222222,-58.50100586050124,-42.658068583943205
23.232323232323235,,,,-48.358531212121214,-56.85208518713424,-39.864977237108185
24.242424242424242,,,,-45.84626893939394,-54.88877926066444,-36.80375861812343
25.252525252525253,,,,-43.0978211111111,-52.656905040653726,-33.53873718156848
26.262626262626263,,,,-40.12916611111112,-50.154508536917874,-30.103823685304363
27.272727272727273,,,,-36.955815454545444,-47.36434837391799,-26.547282535172897
28.282828282828284,,,,-33.60645671717172,-44.31547012361989,-22.897443310723542
29.292929292929294,,,,-30.108795606060603,-41.028403984065704,-19.189187228055502
30.303030303030305,,,,-26.512343030303025,-37.516278885423986,-15.508407175182063
31.313131313131315,,,,-22.87782292929293,-33.84038250473425,-11.91526335385161
32.323232323232325,,,,-19.244401616161614,-30.038375867872837,-8.450427364450391
33.333333333333336,,,,-15.640234999999999,-26.13300484442925,-5.147465155570748
34.343434343434346,,,,-12.073403383838382,-22.1647658428777,-1.9820409247990671
35.35353535353536,,,,-8.55312404040404,-18.16669205335484,1.0604439725467607
36.36363636363637,,,,-5.088935,-14.162337032927137,3.984467032927138
37.37373737373738,,,,-1.7063577272727257,-10.184452479226694,6.771737024681242
38.38383838383839,,,,1.5595456565656587,-6.274387002704786,9.393478315836102
39.3939393939394,,,,4.696594242424242,-2.4809334125547338,11.874121897403217
40.40404040404041,,,,7.671484242424246,1.141551473495368,14.201417011353126
41.41414141414142,,,,10.471946969696969,4.5224791856033955,16.421414753790543
42.42424242424243,,,,13.047643484848487,7.54386240191904,18.551424567777936
43.43434343434344,,,,15.313811565656568,10.041944458165556,20.58567867314758
44.44444444444445,,,,17.152235,11.82239262375002,22.482077376249983
45.45454545454546,,,,18.448903636363635,12.778315628366462,24.119491644360807
46.46464646464647,,,,19.11329515151515,12.899346881093006,25.327243421937293
47.47474747474748,,,,19.10247186868687,12.253161062003791,25.951782675369948
48.484848484848484,,,,18.46786909090909,10.982472475965816,25.953265705852367
49.494949494949495,,,,17.293836616161617,9.32927222036502,25.258401011958213
50.505050505050505,,,,15.744664090909088,7.5471543034389175,23.942173878379258
51.515151515151516,,,,13.984579393939393,5.877439177131947,22.09171961074684
52.525252525252526,,,,12.156490808080806,4.464400204250686,19.848581411910924
53.535353535353536,,,,10.394595909090906,3.3497870105346133,17.4394048076472
54.54545454545455,,,,8.776438636363636,2.459076823486969,15.093800449240304
55.55555555555556,,,,7.360297222222222,1.7152643428388386,13.005330101605605
56.56565656565657,,,,6.176713383838384,1.0786576950896736,11.274769072587095
57.57575757575758,,,,5.233900909090909,0.5682386865814424,9.899563131600377
58.58585858585859,,,,4.518292171717172,0.2002156668673054,8.836368676567037
59.5959595959596,,,,3.9918408080808083,-0.03832115985129825,8.022002776012915
60.60606060606061,,,,3.6077030303030306,-0.18314310399434497,7.398549164600406
61.61616161616162,,,,3.3184464646464646,-0.26677387926130747,6.903666808554236
62.62626262626263,,,,3.087198282828282,-0.3291740129880223,6.503570578644586
63.63636363636364,,,,2.8739199999999996,-0.4082445261988332,6.156084526198832
64.64646464646465,,,,2.6516695959595964,-0.5449809081265071,5.8483201000457
65.65656565656566,,,,2.40276202020202,-0.7649029568156993,5.570426997219739
66.66666666666667,,,,2.13447,-1.057404879612295,5.326344879612295
67.67676767676768,,,,1.8741868181818178,-1.3742257886291314,5.122599424992767
68.68686868686869,,,,1.6494184343434337,-1.6624370021099153,4.9612738707967825
69.6969696969697,,,,1.4748616666666663,-1.8794950200085692,4.8292183533419015
70.70707070707071,,,,1.355813535353535,-2.011066952721449,4.722694023428519
71.71717171717172,,,,1.2908478282828282,-2.0695240605113874,4.651219717077043
72.72727272727273,,,,1.2814804545454552,-2.101631278107466,4.664592187198377
73.73737373737374,,,,1.3122036868686875,-2.141556572434925,4.7659639461723
74.74747474747475,,,,1.3452481313131315,-2.2030003468381976,4.89349660946446
75.75757575757576,,,,1.3388271212121208,-2.302751835680642,4.980406078104884
76.76767676767678,,,,1.2560233333333326,-2.444216364294803,4.956263030961468
77.77777777777779,,,,1.0944016666666665,-2.6167307366210126,4.805534069954346
78.7878787878788,,,,0.8954760606060607,-2.8034826542097386,4.59443477542186
79.7979797979798,,,,0.6909444949494946,-2.9903784844229917,4.372267474321981
80.80808080808082,,,,0.5030414646464645,-3.171394212295899,4.177477141588827
81.81818181818183,,,,0.32895409090909117,-3.3470678920482664,4.004976073866449
82.82828282828284,,,,0.14839257575757597,-3.5340637853084065,3.8308489368235588
83.83838383838385,,,,-0.0510660606060606,-3.7421986158295697,3.6400664946174484
84.84848484848486,,,,-0.2717133333333336,-3.9799776310783828,3.436550964411716
85.85858585858587,,,,-0.5139103030303038,-4.252446322541359,3.2246257164807517
86.86868686868688,,,,-0.7705276767676772,-4.5530093338482835,3.0119539803129287
87.87878787878789,,,,-1.0350371212121208,-4.868745472567076,2.7986712301428347
88.8888888888889,,,,-1.306857777777778,-5.199334673002624,2.5856191174470684
89.89898989898991,,,,-1.5925984343434343,-5.555405064605392,2.3702081959185226
90.90909090909092,,,,-1.9032490909090911,-5.950224483890867,2.1437263020726847
91.91919191919193,,,,-2.252852323232323,-6.397323193114481,1.8916185466498345
92.92929292929294,,,,-2.6466648484848494,-6.9058499606895865,1.612520263719888
93.93939393939395,,,,-3.0891699999999997,-7.4889294279237735,1.3105894279237735
94.94949494949496,,,,-3.5924237373737378,-8.171393843044244,0.9865463682967692
95.95959595959597,,,,-4.173745151515154,-8.97826638122448,0.6307760781941711
96.96969696969697,,,,-4.853586060606061,-9.941032977006493,0.2338608557943731
97.97979797979798,,,,-5.6565218686868715,-11.094616388075032,-0.218427349298711
98.98989898989899,,,,-6.578806868686868,-12.432318524384222,-0.725295212989514
100.0,,,,-7.62329,-13.96202425408417,-1.2845557459158297
0.0,,,,18.188835000000005,12.43403002560904,23.94363997439097
1.0101010101010102,,,,16.344144343434344,10.976882076379837,21.71140661048885
2.0202020202020203,,,,14.222401616161616,9.268483693817963,19.17631953850527
3.0303030303030303,,,,12.052710303030304,7.527862253779032,16.577558352281578
4.040404040404041,,,,10.028064292929292,5.922381300775298,14.133747285083286
5.050505050505051,,,,8.256091363636363,4.494012079594554,12.018170647678172
6.0606060606060606,,,,6.783120606060606,3.229747351563211,10.336493860558
7.070707070707071,,,,5.632821313131313,2.1787720441973955,9.086870582065231
8.080808080808081,,,,4.76510393939394,1.3701719837169706,8.16003589507091
9.090909090909092,,,,4.1193349999999995,0.7882013374926129,7.450468662507387
10.101010101010102,,,,3.649257979797979,0.3988307282161858,6.899685231379772
11.111111111111112,,,,3.298882222222222,0.12851218406703868,6.469252260377405
12.121212121212121,,,,3.02256803030303,-0.08420234299238194,6.129338403598442
13.131313131313131,,,,2.795693838383838,-0.27888414335608,5.870271820123756
14.141414141414142,,,,2.597255252525252,-0.4709647511904391,5.665475256240943
15.151515151515152,,,,2.4194683333333336,-0.6556934317106915,5.494630098377359
16.161616161616163,,,,2.254312525252525,-0.8315156668446075,5.340140717349658
17.171717171717173,,,,2.094943131313131,-1.0043995685563223,5.194285831182584
18.181818181818183,,,,1.9423577272727275,-1.1801025921586918,5.064818046704147
19.191919191919194,,,,1.800355353535354,-1.3439576096767158,4.944668316747424
20.202020202020204,,,,1.6839342929292929,-1.47416007986838,4.842028665726966
21.212121212121215,,,,1.618410151515151,-1.5468626020610605,4.7836829050913625
22.222222222222225,,,,1.6199872222222225,-1.5815923758251267,4.821566820269572
23.232323232323235,,,,1.6643969696969698,-1.618083368131901,4.94687730752584
24.242424242424242,,,,1.6989137878787879,-1.6772652353232316,5.075092811080808
25.252525252525253,,,,1.6723655555555557,-1.7752332887239424,5.1199643998350535
26.262626262626263,,,,1.5655678787878784,-1.8990976995878317,5.030233457163589
27.272727272727273,,,,1.3973577272727271,-2.050445998005671,4.845161452551125
28.282828282828284,,,,1.2013073737373734,-2.2285807603043795,4.631195507779126
29.292929292929294,,,,1.0025190909090909,-2.4203673721543195,4.425405553972501
30.303030303030305,,,,0.823415151515151,-2.6111284003221815,4.257958703352483
31.313131313131315,,,,0.6593128282828283,-2.796044630828133,4.11467028739379
32.323232323232325,,,,0.49211015151515125,-2.9811799778837362,3.965400280914039
33.333333333333336,,,,0.31258666666666635,-3.171229764241637,3.7964030975749696
34.343434343434346,,,,0.11618207070707051,-3.3682418183499347,3.600605959764076
35.35353535353536,,,,-0.09515767676767692,-3.5757728505934754,3.3854574970581215
36.36363636363637,,,,-0.31938818181818185,-3.8039349887459135,3.16515862510955
37.37373737373738,,,,-0.5521682828282828,-4.0528679469920625,2.9485313813354974
38.38383838383839,,,,-0.7931858080808084,-4.32263251277368,2.736260896612063
39.3939393939394,,,,-1.0455357575757578,-4.612708951593795,2.5216374364422793
40.40404040404041,,,,-1.3133297474747478,-4.924233454933587,2.2975739599840916
41.41414141414142,,,,-1.6016925252525258,-5.26209063056335,2.0587055800582976
42.42424242424243,,,,-1.9122389393939394,-5.631314658801658,1.806836780013779
43.43434343434344,,,,-2.2478382323232324,-6.036762792155134,1.5410863275086686
44.44444444444445,,,,-2.6174722222222226,-6.48966480205855,1.2547203576141044
45.45454545454546,,,,-3.0299031818181823,-7.002873234131789,0.9430668704954246
46.46464646464647,,,,-3.5022803535353537,-7.595347577241697,0.59078687017099
47.47474747474748,,,,-4.049368383838384,-8.287383227454658,0.18864645977789074
48.484848484848484,,,,-4.680398181818182,-9.093587105878065,-0.2672092577583003
49.494949494949495,,,,-5.415462121212122,-10.037479269711664,-0.7934449727125807
50.505050505050505,,,,-6.276746262626264,-11.155310929841068,-1.398181595411459
51.515151515151516,,,,-7.302127424242426,-12.48396019784739,-2.1202946506374616
52.525252525252526,,,,-8.538954646464646,-14.05091780173193,-3.02699149119736
53.535353535353536,,,,-10.027137323232324,-15.878198256430634,-4.176076390034014
54.54545454545455,,,,-11.798043181818183,-17.99424836611844,-5.601837997517924
55.55555555555556,,,,-13.898485555555556,-20.433503729301243,-7.363467381809867
56.56565656565657,,,,-16.365297474747482,-23.248243499798534,-9.48235144969643
57.57575757575758,,,,-19.256087727272728,-26.50487819422165,-12.007297260323806
58.58585858585859,,,,-22.62329777777778,-30.25858544024417,-14.98801011531139
59.5959595959596,,,,-26.48816752525252,-34.554022550539536,-18.422312499965507
60.60606060606061,,,,-30.841043939393945,-39.33442886666428,-22.347659012123607
61.61616161616162,,,,-35.57512944444444,-44.434874928777226,-26.71538396011166
62.62626262626263,,,,-40.47663727272727,-49.57606003158292,-31.377214513871614
63.63636363636364,,,,-45.25352409090911,-54.40819999204088,-36.09884818977734
64.64646464646465,,,,-49.54915085858586,-58.53854480337993,-40.559756913791794
65.65656565656566,,,,-53.02561388888889,-61.62848079400043,-44.42274698377735
66.66666666666667,,,,-55.486019999999996,-63.554829521721416,-47.41721047827858
67.67676767676768,,,,-56.82343646464646,-64.37448418827704,-49.27238874101589
68.68686868686869,,,,-57.22445131313132,-64.37374181483695,-50.07516081142569
69.6969696969697,,,,-56.87447227272727,-63.771589786003744,-49.97735475945079
70.70707070707071,,,,-55.984995808080804,-62.75398594403404,-49.216005672127565
71.71717171717172,,,,-54.66217696969697,-61.40374939504466,-47.92060454434928
72.72727272727273,,,,-52.947517727272725,-59.725554931703556,-46.169480522841894
73.73737373737374,,,,-50.85569323232322,-57.72540143073259,-43.98598503391385
74.74747474747475,,,,-48.41547595959596,-55.40773687643536,-41.42321504275656
75.75757575757576,,,,-45.66016924242424,-52.74588697779173,-38.57445150705675
76.76767676767678,,,,-42.63498202020202,-49.739324129171976,-35.53063991123206
77.77777777777779,,,,-39.40153166666666,-46.436306974726776,-32.36675635860655
78.7878787878788,,,,-36.013748484848485,-42.91020251400026,-29.117294455696708
79.7979797979798,,,,-32.50610989898989,-39.23056229108232,-25.781657506897464
80.80808080808082,,,,-28.907863939393934,-35.44100581129999,-22.37472206748788
81.81818181818183,,,,-25.245802272727268,-31.578025418513583,-18.913579126940952
82.82828282828284,,,,-21.543861717171712,-27.663883899598734,-15.42383953474469
83.83838383838385,,,,-17.831801363636366,-23.72254802831335,-11.94105469895938
84.84848484848486,,,,-14.125022575757578,-19.778053847320436,-8.47199130419472
85.85858585858587,,,,-10.422138080808072,-15.823983304733435,-5.020292856882708
86.86868686868688,,,,-6.71093944444444,-11.854062182239137,-1.5678167066497437
87.87878787878789,,,,-3.00283681818181,-7.867217892624856,1.8615442562612352
88.8888888888889,,,,0.6742877777777843,-3.8947904483775897,5.243366003933158
89.89898989898991,,,,4.265047575757582,-0.005876191906460271,8.535971343421625
90.90909090909092,,,,7.730778181818186,3.7329144136730132,11.72864194996336
91.91919191919193,,,,11.019617222222227,7.237332626039032,14.801901818405423
92.92929292929294,,,,14.099449595959602,10.405862832259858,17.793036359659347
93.93939393939395,,,,16.895001818181818,13.124793062510083,20.665210573853553
94.94949494949496,,,,19.25684383838384,15.304794737901995,23.208892938865684
95.95959595959597,,,,21.046855707070705,16.844419611610405,25.249291802531005
96.96969696969697,,,,22.121119545454544,17.654626576613797,26.58761251429529
97.97979797979798,,,,22.33478424242424,17.68357803329556,26.985990451552922
98.98989898989899,,,,21.782199949494945,17.030007597440974,26.534392301548916
100.0,,,,20.58374,15.822308900698026,25.34517109930197
0.0,10.164995,4.538836549380696,15.791153450619301,,,
1.0101010101010102,9.167065606060607,4.165070442990623,14.169060769130592,,,
2.0202020202020203,8.060876616161616,3.607065259268059,12.514687973055175,,,
3.0303030303030303,6.985588181818182,3.0131167761133852,10.958059587522978,,,
4.040404040404041,6.061831363636363,2.523667771798209,9.599994955474518,,,
5.050505050505051,5.344863636363637,2.2038637480434367,8.485863524683836,,,
6.0606060606060606,4.825801666666667,2.027555934863094,7.62404739847024,,,
7.070707070707071,4.446068131313131,1.9232719792949102,6.968864283331353,,,
8.080808080808081,4.171392777777778,1.838829780203847,6.503955775351709,,,
9.090909090909092,3.9697213636363644,1.7558779031609228,6.183564824111806,,,
10.101010101010102,3.823872222222222,1.6791693525769569,5.968575091867487,,,
11.111111111111112,3.7222294444444453,1.623901798353617,5.8205570905352735,,,
12.121212121212121,3.649210454545454,1.589954798330934,5.708466110759973,,,
13.131313131313131,3.5809067676767676,1.5674920842466489,5.594321451106886,,,
14.141414141414142,3.505712070707071,1.5463972984765613,5.46502684293758,,,
15.151515151515152,3.4228237878787873,1.5223980570164448,5.32324951874113,,,
16.161616161616163,3.3393981818181815,1.4889346705147561,5.189861693121607,,,
17.171717171717173,3.2729370202020207,1.4512456706364698,5.094628369767571,,,
18.181818181818183,3.233913181818182,1.4281063525750552,5.039720011061309,,,
19.191919191919194,3.2177875757575753,1.4213334640367297,5.014241687478421,,,
20.202020202020204,3.2045166666666667,1.412654755636169,4.996378577697165,,,
21.212121212121215,3.1771228787878782,1.3863062356926545,4.9679395218831015,,,
22.222222222222225,3.129947222222222,1.3349268196872046,4.924967624757239,,,
23.232323232323235,3.0598316666666667,1.2577181076015682,4.861945225731765,,,
24.242424242424242,2.972010303030303,1.1581610984908381,4.785859507569768,,,
25.252525252525253,2.8746764646464644,1.041239344068237,4.708113585224692,,,
26.262626262626263,2.7741693939393945,0.9124111024364092,4.63592768544238,,,
27.272727272727273,2.6669340909090904,0.7725886548966621,4.561279526921519,,,
28.282828282828284,2.5472402525252518,0.6209903935688899,4.473490111481613,,,
29.292929292929294,2.4135224242424242,0.45319834064035525,4.373846507844493,,,
30.303030303030305,2.266409090909091,0.262231390901317,4.270586790916864,,,
31.313131313131315,2.106996767676768,0.042393942717726674,4.171599592635809,,,
32.323232323232325,1.933724797979798,-0.21079171110358974,4.078241307063186,,,
33.333333333333336,1.7501849999999997,-0.49452170772808257,3.994891707728082,,,
34.343434343434346,1.561085505050505,-0.8057844948544302,3.92795550495544,,,
35.35353535353536,1.3615465656565657,-1.1554976279922138,3.8785907593053452,,,
36.36363636363637,1.1454868181818179,-1.5546437874571133,3.845617423820749,,,
37.37373737373738,0.9072916161616161,-2.0103857370057994,3.824968969329032,,,
38.38383838383839,0.647391818181818,-2.522384786118004,3.8171684224816405,,,
39.3939393939394,0.3625574242424237,-3.0939274307186517,3.819042279203499,,,
40.40404040404041,0.048825858585858334,-3.728903351296096,3.8265550684678127,,,
41.41414141414142,-0.30382535353535356,-4.441418079581334,3.8337673725106267,,,
42.42424242424243,-0.7063548484848488,-5.249699583978011,3.836989887008314,,,
43.43434343434344,-1.1668664141414145,-6.170918185872405,3.8371853575895765,,,
44.44444444444445,-1.6944172222222225,-7.225496162457753,3.836661718013308,,,
45.45454545454546,-2.2871368181818186,-8.416218363479189,3.8419447271155516,,,
46.46464646464647,-2.9663942424242418,-9.783324496646934,3.8505360117984493,,,
47.47474747474748,-3.745211969696969,-11.339409511026002,3.8489855716320647,,,
48.484848484848484,-4.640958787878787,-13.117616202887966,3.8356986271303937,,,
49.494949494949495,-5.653041414141412,-15.107135872876803,3.8010530445939805,,,
50.505050505050505,-6.7778761616161605,-17.291694104922353,3.735941781690033,,,
51.515151515151516,-8.01778075757576,-19.65726576823753,3.62170425308601,,,
52.525252525252526,-9.376490050505051,-22.194199330307725,3.4412192292976247,,,
53.535353535353536,-10.852056565656566,-24.887158850559054,3.1830457192459196,,,
54.54545454545455,-12.437838636363635,-27.7030012900184,2.827324017291131,,,
55.55555555555556,-14.110047777777776,-30.57013499959681,2.3500394440412578,,,
56.56565656565657,-15.839741717171723,-33.40721180163314,1.7277283672896928,,,
57.57575757575758,-17.586489393939395,-36.089767902773886,0.9167891148950957,,,
58.58585858585859,-19.313458232323235,-38.55474081323976,-0.07217565140670956,,,
59.5959595959596,-21.010516616161617,-40.79890969458473,-1.2221235377385042,,,
60.60606060606061,-22.671084090909087,-42.87165054789557,-2.4705176339226043,,,
61.61616161616162,-24.29301535353535,-44.840400142546926,-3.7456305645237684,,,
62.62626262626263,-25.835489747474742,-46.67915715309277,-4.991822341856718,,,
63.63636363636364,-27.23628909090909,-48.29687523868929,-6.17570294312889,,,
64.64646464646465,-28.438743636363636,-49.585626228240216,-7.29186104448706,,,
65.65656565656566,-29.433519242424246,-50.533705741490195,-8.333332743358298,,,
66.66666666666667,-30.236345000000007,-51.124876166331646,-9.347813833668368,,,
67.67676767676768,-30.8529445959596,-51.347112913405425,-10.358776278513773,,,
68.68686868686869,-31.33605752525252,-51.31355412576896,-11.358560924736082,,,
69.6969696969697,-31.731505,-51.159625052903195,-12.303384947096799,,,
70.70707070707071,-32.08724808080809,-51.054751521015355,-13.119744640600821,,,
71.71717171717172,-32.437393484848485,-51.11833966130487,-13.756447308392097,,,
72.72727272727273,-32.68952136363637,-51.155060829896286,-14.223981897376465,,,
73.73737373737374,-32.789124444444454,-50.947338750095966,-14.630910138792945,,,
74.74747474747475,-32.69335065656566,-50.39353358679921,-14.993167726332114,,,
75.75757575757576,-32.482583181818185,-49.81366847926391,-15.151497884372464,,,
76.76767676767678,-32.21396287878788,-49.54114972233807,-14.886776035237695,,,
77.77777777777779,-31.882046111111105,-49.65399106204892,-14.110101160173297,,,
78.7878787878788,-31.412453333333325,-49.961631634838184,-12.863275031828461,,,
79.7979797979798,-30.723293232323226,-50.19366541616438,-11.252921048482069,,,
80.80808080808082,-29.716193737373736,-50.03006220967808,-9.40232526506939,,,
81.81818181818183,-28.30508318181818,-49.218257414132665,-7.391908949503694,,,
82.82828282828284,-26.452037171717173,-47.61080867318417,-5.293265670250175,,,
83.83838383838385,-24.198622727272728,-45.246297543920235,-3.1509479106252236,,,
84.84848484848486,-21.63690924242424,-42.259845781060676,-1.0139727037878075,,,
85.85858585858587,-18.872861969696963,-38.83882426874246,1.0931003293485304,,,
86.86868686868688,-15.991611666666662,-35.14049155332008,3.1572682199867597,,,
87.87878787878789,-13.054587878787876,-31.286690922163736,5.1775151645879856,,,
88.8888888888889,-10.094137222222221,-27.33923764844466,7.150963204000215,,,
89.89898989898991,-7.132379898989898,-23.353034648199205,9.088274850219412,,,
90.90909090909092,-4.168333636363636,-19.366919672399824,11.030252399672552,,,
91.91919191919193,-1.2118084343434345,-15.429450301453908,13.00583343276704,,,
92.92929292929294,1.7117058080808096,-11.601903946921919,15.025315563083538,,,
93.93939393939395,4.5070398484848475,-8.025512517536795,17.03959221450649,,,
94.94949494949496,7.056248434343433,-4.842782858464498,18.955279727151364,,,
95.95959595959597,9.215100757575758,-2.1610391467436774,20.591240661895192,,,
96.96969696969697,10.879665303030302,-0.0045940278101141985,21.76392463387072,,,
97.97979797979798,11.952432929292929,1.6251588750845194,22.279706983501338,,,
98.98989898989899,12.31069505050505,2.6819945610172358,21.939395539992866,,,
100.0,12.009190000000002,3.2291621342754286,20.789217865724574,,,
0.0,-6.821384999999999,-18.920110686752096,5.2773406867520976,,,
1.0101010101010102,-7.9092390404040405,-21.244203564075576,5.425725483267497,,,
2.0202020202020203,-9.10618313131313,-23.68844457087879,5.476078308252529,,,
3.0303030303030303,-10.417280757575757,-26.173407421084995,5.33884590593348,,,
4.040404040404041,-11.807045454545454,-28.522780713857998,4.9086898047670875,,,
5.050505050505051,-13.273445505050503,-30.643386143259743,4.0964951331587365,,,
6.0606060606060606,-14.83984984848485,-32.49702851796502,2.817328820995318,,,
7.070707070707071,-16.526112525252522,-34.08983853475961,1.0376134842545675,,,
8.080808080808081,-18.397714696969693,-35.59727158058779,-1.1981578133515995,,,
9.090909090909092,-20.502765909090908,-37.230882903001415,-3.7746489151803964,,,
10.101010101010102,-22.859808535353533,-39.160150243802164,-6.559466826904902,,,
11.111111111111112,-25.473898333333334,-41.52964801510911,-9.418148651557559,,,
12.121212121212121,-28.295951060606058,-44.36300911851895,-12.228893002693162,,,
13.131313131313131,-31.217904343434345,-47.54359999029208,-14.892208696576606,,,
14.141414141414142,-34.08290373737374,-50.79270397383888,-17.373103500908602,,,
15.151515151515152,-36.69609439393939,-53.71794869595459,-19.67424009192419,,,
16.161616161616163,-38.88304757575757,-56.00887451411671,-21.757220637398436,,,
17.171717171717173,-40.50712858585859,-57.4963847670963,-23.517872404620874,,,
18.181818181818183,-41.50651772727272,-58.15593466780098,-24.857100786744464,,,
19.191919191919194,-41.89477025252525,-58.081064730305016,-25.708475774745484,,,
20.202020202020204,-41.704179595959594,-57.31656134834902,-26.09179784357017,,,
21.212121212121215,-41.015285909090906,-56.008457312749876,-26.022114505431936,,,
22.222222222222225,-39.91616555555555,-54.33814466760854,-25.494186443502564,,,
23.232323232323235,-38.49565196969697,-52.47050048075695,-24.520803458636998,,,
24.242424242424242,-36.83666757575757,-50.59017889116304,-23.083156260352105,,,
25.252525252525253,-35.00868535353536,-48.82322290047052,-21.194147806600206,,,
26.262626262626263,-33.04190823232324,-47.214162676141925,-18.86965378850455,,,
27.272727272727273,-30.94851318181818,-45.72186309534014,-16.175163268296217,,,
28.282828282828284,-28.727046616161612,-44.24337912431193,-13.210714108011299,,,
29.292929292929294,-26.402450757575764,-42.69926140798053,-10.105640107170995,,,
30.303030303030305,-23.977878333333333,-40.94852906329908,-7.007227603367589,,,
31.313131313131315,-21.483536010101012,-38.88913342950883,-4.077938590693197,,,
32.323232323232325,-18.950429242424242,-36.471268267167815,-1.4295902176806692,,,
33.333333333333336,-16.471433333333334,-33.7732576164063,0.8303909497396305,,,
34.343434343434346,-14.087396868686866,-30.898766559013126,2.723972821639393,,,
35.35353535353536,-11.820979292929293,-27.945520575789864,4.303561989931277,,,
36.36363636363637,-9.65398681818182,-25.016102624781908,5.708128988418268,,,
37.37373737373738,-7.535502474747474,-22.176575424119648,7.105570474624701,,,
38.38383838383839,-5.434316666666666,-19.486996572407747,8.618363239074416,,,
39.3939393939394,-3.349501212121214,-16.974455305559193,10.275452881316767,,,
40.40404040404041,-1.3209299999999975,-14.649093223216866,12.007233223216872,,,
41.41414141414142,0.5908868181818188,-12.48195835250985,13.663731988873487,,,
42.42424242424243,2.3226287878787852,-10.443934202688084,15.089191778445652,,,
43.43434343434344,3.8500143434343457,-8.518554270638758,16.21858295750745,,,
44.44444444444445,5.172467222222221,-6.6735107323814615,17.018445176825903,,,
45.45454545454546,6.322307272727274,-4.942365229423308,17.586979774877854,,,
46.46464646464647,7.323858484848484,-3.3927261678013005,18.04044313749827,,,
47.47474747474748,8.189353585858585,-2.079518975563225,18.458226147280396,,,
48.484848484848484,8.916116212121214,-1.0096647271059158,18.84189715134834,,,
49.494949494949495,9.498108989898991,-0.1552382439134643,19.15145622371145,,,
50.505050505050505,9.913466111111113,0.5083708740131154,19.31856134820911,,,
51.515151515151516,10.130617575757576,1.0021921136774594,19.259043037837692,,,
52.525252525252526,10.106870808080808,1.336030736753198,18.87771087940842,,,
53.535353535353536,9.839901767676768,1.5435453056015245,18.13625822975201,,,
54.54545454545455,9.347865454545454,1.6675457898011636,17.028185119289745,,,
55.55555555555556,8.685004444444445,1.7021389342757356,15.667869954613154,,,
56.56565656565657,7.9162183333333305,1.6265964898802867,14.205840176786374,,,
57.57575757575758,7.128127727272725,1.4658511622128607,12.790404292332589,,,
58.58585858585859,6.40092803030303,1.2784235312456538,11.523432529360406,,,
59.5959595959596,5.7915623737373725,1.1507674603517257,10.432357287123018,,,
60.60606060606061,5.26999893939394,1.0857062946364309,9.454291584151449,,,
61.61616161616162,4.828976767676769,1.06554749264861,8.592406042704928,,,
62.62626262626263,4.456542777777779,1.0452798585685938,7.867805696986964,,,
63.63636363636364,4.144397727272728,1.0042985319349507,7.284496922610505,,,
64.64646464646465,3.8856597474747474,0.9541699242349457,6.817149570714549,,,
65.65656565656566,3.6597380303030307,0.9077244148662236,6.411751645739837,,,
66.66666666666667,3.4634216666666666,0.8876262987964498,6.039217034536883,,,
67.67676767676768,3.2976749999999995,0.9107350583383602,5.684614941661639,,,
68.68686868686869,3.150699696969697,1.001477026765825,5.2999223671735685,,,
69.6969696969697,3.0101710606060608,1.135942926919459,4.884399194292662,,,
70.70707070707071,2.882322828282828,1.2378601542600034,4.5267855023056525,,,
71.71717171717172,2.770074696969697,1.2652661368957465,4.274883257043648,,,
72.72727272727273,2.667579545454546,1.2304183920373208,4.104740698871771,,,
73.73737373737374,2.567815858585859,1.1562011966566181,3.9794305205150993,,,
74.74747474747475,2.460827979797979,1.0446388379334623,3.8770171216624956,,,
75.75757575757576,2.3443248484848485,0.8996283103337317,3.789021386635965,,,
76.76767676767678,2.2180495454545452,0.7342513847331227,3.701847706175968,,,
77.77777777777779,2.083005,0.5624996289145539,3.603510371085446,,,
78.7878787878788,1.941925757575758,0.38890943604002404,3.494942079111492,,,
79.7979797979798,1.795934797979798,0.21084208097053359,3.3810275149890625,,,
80.80808080808082,1.6547615151515154,0.029864705974478545,3.279658324328552,,,
81.81818181818183,1.524375,-0.16173466419786742,3.2104846641978675,,,
82.82828282828284,1.3972498989898994,-0.37067722398751757,3.1651770219673163,,,
83.83838383838385,1.2580744949494955,-0.5961378917846236,3.1122868816836147,,,
84.84848484848486,1.0995740909090912,-0.8396930815441277,3.0388412633623103,,,
85.85858585858587,0.9208278282828282,-1.1050199682925572,2.9466756248582135,,,
86.86868686868688,0.7186078787878787,-1.3926736129347776,2.829889370510535,,,
87.87878787878789,0.49560969696969737,-1.7031737391199973,2.694393133059392,,,
88.8888888888889,0.2530755555555556,-2.050030024725337,2.5561811358364483,,,
89.89898989898991,-0.005222878787878327,-2.4388958751131815,2.428450117537425,,,
90.90909090909092,-0.2822486363636366,-2.8730469206501192,2.3085496479228462,,,
91.91919191919193,-0.5790016666666661,-3.348349372390997,2.1903460390576646,,,
92.92929292929294,-0.899280757575758,-3.869235790541997,2.0706742753904814,,,
93.93939393939395,-1.250789090909089,-4.447214216783005,1.9456360349648267,,,
94.94949494949496,-1.6434512626262627,-5.092823569898058,1.8059210446455323,,,
95.95959595959597,-2.0893807070707067,-5.82342634768274,1.6446649335413266,,,
96.96969696969697,-2.596508636363636,-6.659801734746489,1.4667844620192176,,,
97.97979797979798,-3.172408232323233,-7.617984311533412,1.2731678468869458,,,
98.98989898989899,-3.830208434343432,-8.730798683374804,1.0703818146879387,,,
100.0,-4.56759,-9.991766436925701,0.8565864369257019,,,
0.0,,,,-2.1489599999999998,-7.082439562580552,2.7845195625805523
1.0101010101010102,,,,-2.799206363636364,-8.339955718704612,2.7415429914318845
2.0202020202020203,,,,-3.5513212626262622,-9.77689915604125,2.6742566307887254
3.0303030303030303,,,,-4.449969696969697,-11.457379042483364,2.55743964854397
4.040404040404041,,,,-5.5154657575757575,-13.40980615751636,2.3788746423648455
5.050505050505051,,,,-6.77757292929293,-15.68728714393807,2.13214128535221
6.0606060606060606,,,,-8.26952681818182,-18.354376222724966,1.8153225863613276
7.070707070707071,,,,-9.996109999999998,-21.43719577265228,1.4449757726522847
8.080808080808081,,,,-11.97666292929293,-24.97898249151431,1.0256566329284507
9.090909090909092,,,,-14.194367272727273,-28.955488253273902,0.5667537078193554
10.101010101010102,,,,-16.630114393939394,-33.30551406715378,0.045285279274995816
11.111111111111112,,,,-19.228041666666666,-37.900146500872,-0.5559368324613381
12.121212121212121,,,,-21.911262424242423,-42.55842019311074,-1.2641046553741049
13.131313131313131,,,,-24.599051161616163,-47.0961098118786,-2.1019925113537283
14.141414141414142,,,,-27.15754681818182,-51.24835293004077,-3.0667407063228715
15.151515151515152,,,,-29.4621703030303,-54.764534048403135,-4.159806557657468
16.161616161616163,,,,-31.382650303030307,-57.42168828744944,-5.343612318611168
17.171717171717173,,,,-32.87819297979799,-59.150010674610414,-6.60637528498556
18.181818181818183,,,,-33.973205909090915,-60.02452886061738,-7.921882957564449
19.191919191919194,,,,-34.714083838383836,-60.16584373255911,-9.262323944208557
20.202020202020204,,,,-35.17641585858586,-59.82331313899244,-10.529518578179285
21.212121212121215,,,,-35.34588151515152,-59.127387998265064,-11.564375032037969
22.222222222222225,,,,-35.19501833333334,-58.17812886970714,-12.21190779695954
23.232323232323235,,,,-34.63218868686868,-56.88522229274233,-12.37915508099503
24.242424242424242,,,,-33.590807727272725,-55.112311102342915,-12.06930435220254
25.252525252525253,,,,-32.08516646464646,-52.835612862090144,-11.334720067202785
26.262626262626263,,,,-30.207255808080806,-50.18791115261422,-10.226600463547388
27.272727272727273,,,,-28.07555363636364,-47.35147282987319,-8.799634442854092
28.282828282828284,,,,-25.76872606060606,-44.46258145537185,-7.0748706658402725
29.292929292929294,,,,-23.31571681818182,-41.5174005371576,-5.114033099206036
30.303030303030305,,,,-20.741252424242425,-38.44852369880821,-3.0339811496766416
31.313131313131315,,,,-18.069796010101008,-35.236272857741234,-0.9033191624607824
32.323232323232325,,,,-15.33302202020202,-31.88294357241537,1.2168995320113325
33.333333333333336,,,,-12.551491666666667,-28.434994500665617,3.3320111673322828
34.343434343434346,,,,-9.744382979797985,-24.932100819432684,5.443334859836714
35.35353535353536,,,,-6.968543939393939,-21.474006434236408,7.536918555448528
36.36363636363637,,,,-4.26453090909091,-18.138547184426468,9.609485366244648
37.37373737373738,,,,-1.6664841919191928,-14.960086467733198,11.627118083894814
38.38383838383839,,,,0.8132692424242425,-11.954015576296865,13.58055406114535
39.3939393939394,,,,3.1307301515151504,-9.115807922260274,15.377268225290575
40.40404040404041,,,,5.216993535353537,-6.503074137246453,16.937061207953526
41.41414141414142,,,,7.005485353535353,-4.1570077743102685,18.167978481380974
42.42424242424243,,,,8.454759393939394,-2.106976173878479,19.016494961757267
43.43434343434344,,,,9.585481919191922,-0.3442894425337517,19.515253280917598
44.44444444444445,,,,10.392296666666665,1.12379812785578,19.660795205477548
45.45454545454546,,,,10.909152727272728,2.3234108622435894,19.49489459230187
46.46464646464647,,,,11.139932373737375,3.2299873227681557,19.049877424706594
47.47474747474748,,,,11.11628702020202,3.792073793183439,18.440500247220598
48.484848484848484,,,,10.920113333333335,4.003314409963771,17.8369122567029
49.494949494949495,,,,10.637337121212122,3.9431471532741,17.331527089150143
50.505050505050505,,,,10.317077575757576,3.694947280532147,16.939207870983005
51.515151515151516,,,,9.970507424242424,3.3037609689350083,16.63725387954984
52.525252525252526,,,,9.60996777777778,2.7971881134128687,16.42274744214269
53.535353535353536,,,,9.231078333333333,2.206585259416401,16.255571407250265
54.54545454545455,,,,8.842343181818183,1.6096340981084367,16.07505226552793
55.55555555555556,,,,8.432408333333335,1.0684554727973596,15.79636119386931
56.56565656565657,,,,7.991460101010101,0.6253536740883705,15.35756652793183
57.57575757575758,,,,7.520538787878789,0.3299564683809235,14.711121107376655
58.58585858585859,,,,7.025591060606061,0.20163883691770668,13.849543284294416
59.5959595959596,,,,6.511492070707073,0.2199474004542834,12.803036740959861
60.60606060606061,,,,5.9755933333333315,0.3061218610832048,11.64506480558346
61.61616161616162,,,,5.417005202020203,0.35725536514347755,10.476755038896929
62.62626262626263,,,,4.832154292929294,0.3012404248627236,9.363068160995866
63.63636363636364,,,,4.2421477272727275,0.10338587531581123,8.380909579229645
64.64646464646465,,,,3.700729545454545,-0.19362631361380434,7.595085404522894
65.65656565656566,,,,3.2590211111111103,-0.49295000411455137,7.010992226336771
66.66666666666667,,,,2.918474999999999,-0.7621207877748701,6.599070787774869
67.67676767676768,,,,2.655844898989899,-1.0224069055728546,6.334096703552653
68.68686868686869,,,,2.4524756060606063,-1.267357610253752,6.172308822374965
69.6969696969697,,,,2.2898699999999996,-1.4679119487882781,6.047651948788277
70.70707070707071,,,,2.153004090909091,-1.6136125456134067,5.919620727431589
71.71717171717172,,,,2.0384706565656567,-1.703694110868644,5.780635423999957
72.72727272727273,,,,1.9411172727272732,-1.7491713130583075,5.631405858512854
73.73737373737374,,,,1.8614277272727278,-1.7597527846980099,5.482608239243465
74.74747474747475,,,,1.7964199494949498,-1.749920245119745,5.342760144109644
75.75757575757576,,,,1.7433701515151518,-1.733291032555557,5.220031335585861
76.76767676767678,,,,1.6988416666666666,-1.7310198820829403,5.128703215416273
77.77777777777779,,,,1.6529905555555557,-1.7547155417329448,5.060696652844056
78.7878787878788,,,,1.5910330303030307,-1.8069690008803598,4.989035061486421
79.7979797979798,,,,1.5059946969696967,-1.8877737659426554,4.899763159882049
80.80808080808082,,,,1.4033168686868684,-1.9875443531303296,4.794178090504067
81.81818181818183,,,,1.2928872727272727,-2.0965351282567886,4.682309673711334
82.82828282828284,,,,1.1781136363636364,-2.2045942667532223,4.560821539480496
83.83838383838385,,,,1.054908383838384,-2.3161401386046783,4.425956906281446
84.84848484848486,,,,0.9173315151515153,-2.439053243284901,4.273716273587931
85.85858585858587,,,,0.7578899999999998,-2.584401459827702,4.100181459827701
86.86868686868688,,,,0.5740055050505048,-2.753154761597707,3.9011657716987163
87.87878787878789,,,,0.3674833333333334,-2.9439610781294325,3.6789277447960993
88.8888888888889,,,,0.14175166666666655,-3.158902670629506,3.442406003962839
89.89898989898991,,,,-0.09995712121212078,-3.398260926342402,3.1983466839181607
90.90909090909092,,,,-0.3538268181818184,-3.664470366367642,2.956816730004005
91.91919191919193,,,,-0.617843585858585,-3.9615121864922074,2.7258250147750376
92.92929292929294,,,,-0.895375101010101,-4.307929206726375,2.5171790047061737
93.93939393939395,,,,-1.1938834848484852,-4.7250957056197604,2.3373287359227906
94.94949494949496,,,,-1.5268714141414133,-5.244683862669454,2.1909410343866274
95.95959595959597,,,,-1.9148334343434352,-5.892310654040751,2.0626437853538806
96.96969696969697,,,,-2.380436212121211,-6.701212925951514,1.940340501709092
97.97979797979798,,,,-2.9389488888888895,-7.679447274951785,1.8015494971740056
98.98989898989899,,,,-3.61425621212121,-8.871047322845373,1.6425348986029529
100.0,,,,-4.41044,-10.28083798603127,1.4599579860312701
0.0,,,,12.24201,3.6085757485621635,20.875444251437838
1.0101010101010102,,,,11.234672727272727,3.090019727370475,19.37932572717498
2.0202020202020203,,,,10.075106414141413,2.542403796982067,17.607809031300757
3.0303030303030303,,,,8.896898939393939,2.017407054983658,15.77639082380422
4.040404040404041,,,,7.782015252525253,1.501412657398495,14.06261784765201
5.050505050505051,,,,6.793490151515151,1.0110084059229152,12.575971897107387
6.0606060606060606,,,,5.977007575757576,0.5980244895747218,11.355990661940432
7.070707070707071,,,,5.319896868686869,0.2577790249037344,10.382014712470003
8.080808080808081,,,,4.801729797979798,-0.03675310048941682,9.640212696449012
9.090909090909092,,,,4.39106,-0.3058289111400203,9.087948911140021
10.101010101010102,,,,4.0743051010101015,-0.5224443377740151,8.671054539794218
11.111111111111112,,,,3.850351666666667,-0.6604544743551277,8.361157807688462
12.121212121212121,,,,3.7069584848484842,-0.7050282717867402,8.118945241483708
13.131313131313131,,,,3.631556262626263,-0.6677669347754471,7.930879460027974
14.141414141414142,,,,3.6072296969696973,-0.5773593417621372,7.791818735701532
15.151515151515152,,,,3.617005,-0.47402742680995313,7.708037426809953
16.161616161616163,,,,3.6456666161616154,-0.383986269008755,7.675319501331986
17.171717171717173,,,,3.6776487878787876,-0.314634051370422,7.669931627127998
18.181818181818183,,,,3.7058336363636366,-0.25268129759176405,7.664348570319037
19.191919191919194,,,,3.716867878787879,-0.19833158794380346,7.632067345519562
20.202020202020204,,,,3.708581767676768,-0.15977075760647796,7.576934292960014
21.212121212121215,,,,3.689630454545455,-0.13936069945247231,7.518621608543382
22.222222222222225,,,,3.6746399999999992,-0.12329978191035673,7.472579781910355
23.232323232323235,,,,3.670003434343434,-0.09730496410152512,7.437311832788393
24.242424242424242,,,,3.661066212121212,-0.05957876195008138,7.381711186192506
25.252525252525253,,,,3.6367272727272733,-0.017230574679291788,7.290685120133839
26.262626262626263,,,,3.595759343434344,0.017899777056115784,7.173618909812571
27.272727272727273,,,,3.540360454545455,0.03796434055083875,7.042756568540071
28.282828282828284,,,,3.4705599494949495,0.03766585013321144,6.903454048856688
29.292929292929294,,,,3.3887606060606066,0.01354879507315676,6.763972417048056
30.303030303030305,,,,3.3014686363636363,-0.030786299705082065,6.633723572432355
31.313131313131315,,,,3.209841161616162,-0.08833294505278833,6.508015268285113
32.323232323232325,,,,3.1069293434343437,-0.1646688624434085,6.378527549312096
33.333333333333336,,,,2.988093333333333,-0.2613229232785117,6.237509589945178
34.343434343434346,,,,2.852194545454545,-0.37618447620035056,6.0805735671094405
35.35353535353536,,,,2.702734494949495,-0.5054167023018103,5.9108856922008
36.36363636363637,,,,2.543222272727273,-0.6477104364438988,5.7341549818984445
37.37373737373738,,,,2.3739283838383836,-0.8049314949401634,5.5527882626169305
38.38383838383839,,,,2.188333383838384,-0.9806052160866501,5.357271983763418
39.3939393939394,,,,1.9778719696969702,-1.1855113792798666,5.141255318673807
40.40404040404041,,,,1.7378846464646465,-1.424740429195626,4.900509722124919
41.41414141414142,,,,1.4669422222222224,-1.7070588471728447,4.6409432916172895
42.42424242424243,,,,1.1594645454545458,-2.046807698237707,4.365736789146799
43.43434343434344,,,,0.8145466161616157,-2.450749432127089,4.07984266445032
44.44444444444445,,,,0.42429111111111106,-2.934332016890255,3.7829142391124773
45.45454545454546,,,,-0.020690909090908517,-3.5176302687333556,3.4762484505515387
46.46464646464647,,,,-0.5323052020202022,-4.220415736815687,3.155805332775282
47.47474747474748,,,,-1.1291188888888886,-5.06829664368487,2.8100588659070924
48.484848484848484,,,,-1.8185145454545446,-6.081098869555937,2.4440697786468486
49.494949494949495,,,,-2.6099216666666654,-7.265959283488671,2.046115950155341
50.505050505050505,,,,-3.501434242424243,-8.618435871088035,1.6155673862395483
51.515151515151516,,,,-4.495676060606062,-10.134049142219475,1.1426970210073506
52.525252525252526,,,,-5.601029595959595,-11.81532150439907,0.6132623124798782
53.535353535353536,,,,-6.817038383838383,-13.64813761281534,0.01406084513857575
54.54545454545455,,,,-8.152713636363638,-15.62006154361877,-0.685365729108506
55.55555555555556,,,,-9.606455,-17.701602709714273,-1.5113072902857265
56.56565656565657,,,,-11.176044949494955,-19.864189153931214,-2.4879007450586936
57.57575757575758,,,,-12.86945787878788,-22.12118066943046,-3.617735088145304
58.58585858585859,,,,-14.683323939393938,-24.508050428505626,-4.85859745028225
59.5959595959596,,,,-16.599846464646465,-27.075725703909317,-6.123967225383613
60.60606060606061,,,,-18.603211969696968,-29.909778717004727,-7.296645222389209
61.61616161616162,,,,-20.679495707070707,-33.10663217206209,-8.252359242079319
62.62626262626263,,,,-22.78914368686869,-36.671756497054965,-8.90653087668242
63.63636363636364,,,,-24.88291954545455,-40.50517403613194,-9.260665054777155
64.64646464646465,,,,-26.899212979797984,-44.39592342645481,-9.40250253314116
65.65656565656566,,,,-28.722046262626264,-47.992571256281835,-9.45152126897069
66.66666666666667,,,,-30.233321666666665,-50.94648947661916,-9.520153856714163
67.67676767676768,,,,-31.390538939393945,-53.114518659256746,-9.666559219531141
68.68686868686869,,,,-32.135972525252534,-54.37046873809985,-9.901476312405215
69.6969696969697,,,,-32.48641409090909,-54.746781914251294,-10.226046267566893
70.70707070707071,,,,-32.503712626262626,-54.43827642170084,-10.56914883082441
71.71717171717172,,,,-32.27890181818182,-53.6747131630687,-10.883090473294942
72.72727272727273,,,,-31.903710909090915,-52.74427628763773,-11.063145530544098
73.73737373737374,,,,-31.385308787878785,-51.76814767091584,-11.002469904841735
74.74747474747475,,,,-30.70686343434344,-50.7893995489558,-10.624327319731083
75.75757575757576,,,,-29.815000151515147,-49.762495704530465,-9.867504598499828
76.76767676767678,,,,-28.69820202020201,-48.71487537928106,-8.681528661122961
77.77777777777779,,,,-27.33026277777778,-47.6269054699074,-7.033620085648163
78.7878787878788,,,,-25.70944606060606,-46.48096536923755,-4.937926751974569
79.7979797979798,,,,-23.79500803030302,-45.07929988158786,-2.510716179018182
80.80808080808082,,,,-21.51193641414141,-43.02599303359391,0.0021202053110940255
81.81818181818183,,,,-18.839470454545456,-40.04876068797793,2.3698197788870203
82.82828282828284,,,,-15.89462929292929,-36.3230133578448,4.533754771986223
83.83838383838385,,,,-12.841037020202018,-32.22974682533149,6.547672784927451
84.84848484848486,,,,-9.76529333333334,-27.95541663808298,8.424829971416301
85.85858585858587,,,,-6.695594090909087,-23.533382943386044,10.142194761567872
86.86868686868688,,,,-3.665092727272725,-19.01483277218249,11.68464731763704
87.87878787878789,,,,-0.7226987878787852,-14.532692827577385,13.087295251819814
88.8888888888889,,,,2.088166111111107,-10.240981019271075,14.41731324149329
89.89898989898991,,,,4.741612828282826,-6.244951256273947,15.7281769128396
90.90909090909092,,,,7.24463227272727,-2.602451337646838,17.09171588310138
91.91919191919193,,,,9.591828888888887,0.6067631123428541,18.57689466543492
92.92929292929294,,,,11.759200606060604,3.2794126644561583,20.238988547665052
93.93939393939395,,,,13.657755151515147,5.311082105214611,22.004428197815685
94.94949494949496,,,,15.209771565656567,6.678669768456274,23.74087336285686
95.95959595959597,,,,16.335266111111107,7.456872129750126,25.21366009247209
96.96969696969697,,,,16.97508681818182,7.696308911271995,26.253864725091642
97.97979797979798,,,,17.06132,7.433337255011065,26.689302744988932
98.98989898989899,,,,16.514145555555558,6.675761018523291,26.352530092587827
100.0,,,,15.449894999999998,5.569579888705469,25.330210111294527
